localminute,H1_grid,H1_dishwasher1,H1_car1,H1_livingroom1,H1_clotheswasher1,H1_office1,H1_lights_plugs1,H1_bathroom1,H2_grid,H2_dishwasher1,H2_kitchenapp2,H2_microwave1,H2_dryg1,H2_furnace1,H2_refrigerator1,H2_disposal1,H3_grid,H3_oven1,H3_refrigerator1,H3_microwave1,H3_venthood1,H3_solar,H3_dryg1
2018-01-01 00:00:00-06:00,2.444,0.859,0.058,0.218,0.004,0.149,0.0,0.002,1.877,0.066,0.007,0.003,0.377,0.722,0.183,0.006,1.373,0.007,0.002,0.003,0.0,-0.004,0.003
2018-01-01 00:01:00-06:00,2.433,0.86,0.058,0.218,0.004,0.149,0.0,0.002,1.681,0.019,0.007,0.003,0.263,0.724,0.148,0.006,1.369,0.007,0.002,0.003,0.0,-0.004,0.003
2018-01-01 00:02:00-06:00,2.371,0.852,0.058,0.218,0.003,0.149,0.0,0.002,1.668,0.013,0.007,0.003,0.261,0.725,0.142,0.006,1.301,0.007,0.007,0.003,0.0,-0.004,0.003
2018-01-01 00:03:00-06:00,2.339,0.868,0.059,0.218,0.004,0.149,0.0,0.002,1.78,0.01,0.007,0.003,0.381,0.727,0.133,0.006,1.287,0.007,0.009,0.003,0.0,-0.004,0.003
2018-01-01 00:04:00-06:00,2.333,0.866,0.059,0.218,0.004,0.149,0.0,0.002,1.687,0.041,0.007,0.003,0.261,0.728,0.13,0.006,1.3,0.007,0.009,0.003,0.0,-0.004,0.003
2018-01-01 00:05:00-06:00,2.368,0.863,0.06,0.218,0.003,0.149,0.0,0.002,1.783,0.068,0.007,0.003,0.33,0.73,0.129,0.006,1.163,0.008,0.035,0.003,0.0,-0.004,0.002
2018-01-01 00:06:00-06:00,2.367,0.865,0.058,0.218,0.004,0.149,0.0,0.002,1.767,0.074,0.007,0.003,0.31,0.73,0.126,0.006,0.876,0.008,0.191,0.003,0.0,-0.005,0.001
2018-01-01 00:07:00-06:00,2.317,0.854,0.058,0.218,0.003,0.149,0.0,0.002,1.713,0.072,0.007,0.003,0.26,0.731,0.123,0.006,0.851,0.008,0.199,0.003,0.0,-0.005,0.001
2018-01-01 00:08:00-06:00,2.292,0.867,0.058,0.218,0.004,0.149,0.0,0.002,1.837,0.081,0.007,0.003,0.374,0.732,0.122,0.006,0.817,0.008,0.176,0.003,0.0,-0.005,0.001
2018-01-01 00:09:00-06:00,2.128,0.863,0.058,0.218,0.004,0.149,0.0,0.002,1.729,0.081,0.007,0.003,0.265,0.732,0.123,0.006,0.806,0.008,0.175,0.003,0.0,-0.005,0.001
2018-01-01 00:10:00-06:00,2.037,0.859,0.058,0.218,0.003,0.149,0.0,0.002,1.684,0.041,0.007,0.003,0.26,0.733,0.123,0.006,0.804,0.008,0.173,0.003,0.0,-0.005,0.001
2018-01-01 00:11:00-06:00,2.045,0.858,0.058,0.218,0.003,0.14,0.0,0.002,1.78,0.017,0.007,0.003,0.378,0.734,0.122,0.006,0.803,0.008,0.172,0.003,0.0,-0.005,0.001
2018-01-01 00:12:00-06:00,2.049,0.848,0.057,0.218,0.003,0.135,0.0,0.002,1.654,0.011,0.007,0.003,0.263,0.734,0.119,0.006,0.801,0.008,0.171,0.003,0.0,-0.005,0.001
2018-01-01 00:13:00-06:00,2.061,0.862,0.057,0.218,0.003,0.135,0.0,0.002,1.654,0.013,0.007,0.003,0.261,0.734,0.119,0.006,0.813,0.008,0.17,0.003,0.0,-0.005,0.001
2018-01-01 00:14:00-06:00,2.078,0.858,0.057,0.218,0.003,0.135,0.0,0.002,3.045,1.279,0.006,0.002,0.377,0.73,0.125,0.0,0.815,0.008,0.169,0.003,0.0,-0.005,0.001
2018-01-01 00:15:00-06:00,2.103,0.855,0.057,0.218,0.003,0.135,0.0,0.002,2.954,1.304,0.006,0.002,0.261,0.731,0.126,0.0,0.882,0.008,0.169,0.003,0.0,-0.005,0.001
2018-01-01 00:16:00-06:00,2.107,0.857,0.057,0.218,0.003,0.135,0.0,0.002,2.952,1.307,0.006,0.002,0.259,0.731,0.123,0.0,1.261,0.007,0.169,0.003,0.0,-0.004,0.003
2018-01-01 00:17:00-06:00,2.09,0.85,0.057,0.218,0.003,0.135,0.0,0.002,3.075,1.313,0.006,0.002,0.38,0.731,0.115,0.0,1.476,0.007,0.169,0.003,0.0,-0.004,0.004
2018-01-01 00:18:00-06:00,2.124,0.866,0.057,0.218,0.003,0.135,0.0,0.002,2.849,1.313,0.006,0.002,0.258,0.732,0.013,0.0,1.485,0.007,0.169,0.003,0.0,-0.004,0.004
2018-01-01 00:19:00-06:00,2.323,0.861,0.057,0.218,0.003,0.135,0.0,0.002,2.908,1.312,0.006,0.002,0.318,0.731,0.012,0.0,1.461,0.007,0.168,0.003,0.0,-0.004,0.004
2018-01-01 00:20:00-06:00,2.316,0.858,0.057,0.218,0.003,0.135,0.0,0.002,2.887,1.292,0.006,0.002,0.319,0.732,0.01,0.0,1.395,0.007,0.168,0.003,0.0,-0.004,0.004
2018-01-01 00:21:00-06:00,2.352,0.856,0.057,0.218,0.003,0.135,0.0,0.002,2.835,1.303,0.006,0.002,0.259,0.732,0.009,0.0,1.395,0.007,0.168,0.003,0.0,-0.004,0.004
2018-01-01 00:22:00-06:00,2.323,0.848,0.057,0.187,0.003,0.135,0.0,0.002,2.961,1.309,0.006,0.002,0.377,0.733,0.009,0.0,1.376,0.007,0.167,0.003,0.0,-0.004,0.004
2018-01-01 00:23:00-06:00,2.384,0.861,0.056,0.173,0.003,0.135,0.0,0.002,2.853,1.314,0.006,0.002,0.263,0.733,0.011,0.0,1.384,0.007,0.167,0.003,0.0,-0.004,0.004
2018-01-01 00:24:00-06:00,2.384,0.857,0.056,0.174,0.004,0.135,0.0,0.002,2.738,1.314,0.006,0.002,0.259,0.62,0.012,0.0,1.111,0.008,0.166,0.003,0.0,-0.004,0.002
2018-01-01 00:25:00-06:00,1.824,0.273,0.057,0.173,0.003,0.134,0.001,0.002,2.77,1.314,0.006,0.002,0.378,0.532,0.01,0.001,0.773,0.008,0.165,0.003,0.0,-0.005,0.001
2018-01-01 00:26:00-06:00,1.635,0.063,0.057,0.173,0.002,0.147,0.001,0.002,2.904,1.289,0.006,0.002,0.262,0.812,0.009,0.0,0.773,0.008,0.165,0.003,0.0,-0.005,0.001
2018-01-01 00:27:00-06:00,1.653,0.053,0.057,0.173,0.002,0.165,0.001,0.001,2.914,1.305,0.006,0.002,0.258,0.806,0.012,0.0,0.769,0.008,0.163,0.003,0.0,-0.005,0.001
2018-01-01 00:28:00-06:00,1.7,0.064,0.057,0.173,0.002,0.164,0.001,0.001,3.069,1.309,0.006,0.002,0.362,0.802,0.062,0.0,0.64,0.008,0.16,0.003,0.0,-0.005,0.001
2018-01-01 00:29:00-06:00,1.606,0.063,0.057,0.173,0.002,0.164,0.001,0.001,2.981,1.312,0.006,0.002,0.277,0.799,0.061,0.0,0.551,0.008,0.159,0.003,0.0,-0.005,0.001
2018-01-01 00:30:00-06:00,1.52,0.063,0.057,0.173,0.002,0.163,0.001,0.001,3.007,1.311,0.006,0.002,0.257,0.797,0.11,0.0,0.653,0.008,0.158,0.003,0.0,-0.005,0.001
2018-01-01 00:31:00-06:00,1.469,0.062,0.057,0.173,0.002,0.163,0.001,0.001,3.04,1.308,0.006,0.002,0.258,0.795,0.148,0.0,0.821,0.007,0.063,0.003,0.0,-0.005,0.002
2018-01-01 00:32:00-06:00,1.35,0.053,0.057,0.173,0.002,0.163,0.001,0.001,3.149,1.29,0.006,0.002,0.381,0.794,0.152,0.0,1.029,0.007,0.002,0.003,0.0,-0.004,0.004
2018-01-01 00:33:00-06:00,1.669,0.513,0.056,0.174,0.003,0.164,0.0,0.002,3.041,1.302,0.006,0.002,0.258,0.793,0.158,0.0,1.003,0.007,0.002,0.003,0.0,-0.004,0.004
2018-01-01 00:34:00-06:00,1.915,0.861,0.056,0.174,0.004,0.157,0.0,0.002,3.043,1.308,0.006,0.002,0.258,0.792,0.153,0.0,0.993,0.007,0.002,0.003,0.0,-0.004,0.004
2018-01-01 00:35:00-06:00,1.989,0.858,0.055,0.174,0.003,0.145,0.0,0.002,3.16,1.31,0.006,0.002,0.379,0.792,0.147,0.0,0.928,0.007,0.002,0.003,0.0,-0.004,0.004
2018-01-01 00:36:00-06:00,2.03,0.858,0.055,0.174,0.003,0.156,0.0,0.002,3.032,1.311,0.006,0.002,0.261,0.791,0.138,0.0,0.766,0.007,0.002,0.003,0.0,-0.005,0.003
2018-01-01 00:37:00-06:00,1.6,0.467,0.056,0.173,0.003,0.153,0.0,0.002,3.018,1.307,0.006,0.002,0.258,0.79,0.133,0.0,0.348,0.008,0.002,0.003,0.0,-0.005,0.001
2018-01-01 00:38:00-06:00,1.147,0.02,0.056,0.173,0.002,0.133,0.001,0.001,3.001,1.291,0.006,0.002,0.258,0.79,0.132,0.0,0.341,0.008,0.002,0.003,0.0,-0.005,0.001
2018-01-01 00:39:00-06:00,1.074,0.014,0.056,0.173,0.002,0.133,0.024,0.025,3.135,1.304,0.006,0.002,0.382,0.79,0.129,0.0,0.288,0.008,0.002,0.003,0.0,-0.005,0.001
2018-01-01 00:40:00-06:00,1.113,0.052,0.056,0.173,0.002,0.136,0.028,0.029,3.012,1.31,0.006,0.002,0.258,0.789,0.127,0.0,0.288,0.008,0.002,0.003,0.0,-0.005,0.001
2018-01-01 00:41:00-06:00,1.127,0.064,0.056,0.133,0.002,0.136,0.009,0.01,3.01,1.312,0.006,0.002,0.258,0.788,0.124,0.0,0.289,0.008,0.002,0.003,0.0,-0.005,0.001
2018-01-01 00:42:00-06:00,1.182,0.063,0.056,0.016,0.002,0.135,0.001,0.001,3.052,1.311,0.006,0.002,0.301,0.788,0.124,0.0,0.288,0.008,0.002,0.003,0.0,-0.005,0.001
2018-01-01 00:43:00-06:00,1.216,0.062,0.056,0.002,0.002,0.135,0.001,0.001,3.089,1.306,0.006,0.002,0.341,0.787,0.125,0.0,0.287,0.008,0.002,0.003,0.0,-0.005,0.001
2018-01-01 00:44:00-06:00,1.179,0.063,0.055,0.002,0.002,0.134,0.001,0.001,2.992,1.294,0.006,0.002,0.258,0.787,0.125,0.0,0.286,0.008,0.002,0.003,0.0,-0.005,0.001
2018-01-01 00:45:00-06:00,1.178,0.063,0.055,0.002,0.002,0.134,0.001,0.001,2.999,1.303,0.006,0.002,0.259,0.787,0.123,0.0,0.334,0.008,0.002,0.003,0.0,-0.005,0.001
2018-01-01 00:46:00-06:00,1.169,0.053,0.056,0.002,0.002,0.134,0.001,0.001,3.002,1.313,0.006,0.002,0.258,0.787,0.121,0.0,0.696,0.007,0.002,0.003,0.0,-0.005,0.003
2018-01-01 00:47:00-06:00,1.177,0.062,0.055,0.002,0.002,0.134,0.001,0.002,3.05,1.23,0.006,0.002,0.383,0.788,0.121,0.0,0.97,0.007,0.002,0.003,0.0,-0.004,0.004
2018-01-01 00:48:00-06:00,1.201,0.061,0.055,0.002,0.002,0.134,0.001,0.001,1.754,0.055,0.007,0.003,0.26,0.792,0.118,0.006,0.965,0.007,0.002,0.003,0.0,-0.004,0.004
2018-01-01 00:49:00-06:00,1.223,0.061,0.055,0.002,0.002,0.133,0.001,0.002,1.705,0.014,0.007,0.003,0.26,0.792,0.118,0.006,0.963,0.007,0.002,0.003,0.0,-0.004,0.004
2018-01-01 00:50:00-06:00,1.227,0.062,0.055,0.002,0.002,0.133,0.001,0.002,1.671,0.006,0.007,0.003,0.26,0.792,0.092,0.006,0.962,0.007,0.003,0.003,0.0,-0.004,0.004
2018-01-01 00:51:00-06:00,1.313,0.062,0.055,0.002,0.002,0.133,0.001,0.001,1.542,0.006,0.007,0.003,0.259,0.721,0.038,0.006,0.971,0.007,0.009,0.003,0.0,-0.004,0.004
2018-01-01 00:52:00-06:00,1.361,0.025,0.055,0.002,0.002,0.133,0.001,0.001,1.658,0.006,0.007,0.003,0.383,0.714,0.036,0.007,0.946,0.007,0.009,0.003,0.0,-0.004,0.004
2018-01-01 00:53:00-06:00,1.305,0.023,0.055,0.002,0.002,0.133,0.001,0.001,1.534,0.006,0.007,0.003,0.259,0.719,0.034,0.006,0.927,0.007,0.009,0.003,0.0,-0.004,0.004
2018-01-01 00:54:00-06:00,1.265,0.035,0.055,0.002,0.002,0.133,0.001,0.001,1.548,0.014,0.007,0.003,0.26,0.723,0.033,0.006,0.91,0.007,0.009,0.003,0.0,-0.004,0.004
2018-01-01 00:55:00-06:00,2.009,0.876,0.054,0.003,0.004,0.134,0.0,0.001,1.554,0.017,0.007,0.003,0.259,0.725,0.034,0.006,1.046,0.006,0.128,0.003,0.0,-0.004,0.004
2018-01-01 00:56:00-06:00,1.875,0.864,0.054,0.003,0.004,0.134,0.0,0.001,1.557,0.016,0.008,0.003,0.259,0.727,0.036,0.006,0.712,0.007,0.183,0.003,0.0,-0.005,0.002
2018-01-01 00:57:00-06:00,1.747,0.86,0.054,0.003,0.004,0.134,0.0,0.001,1.683,0.016,0.007,0.003,0.382,0.728,0.036,0.007,0.49,0.008,0.177,0.003,0.0,-0.005,0.001
2018-01-01 00:58:00-06:00,1.628,0.866,0.054,0.003,0.004,0.134,0.0,0.001,1.556,0.015,0.007,0.003,0.26,0.729,0.034,0.006,0.486,0.008,0.174,0.003,0.0,-0.005,0.001
2018-01-01 00:59:00-06:00,1.612,0.848,0.054,0.003,0.004,0.134,0.0,0.002,1.555,0.015,0.007,0.003,0.259,0.73,0.034,0.006,0.549,0.008,0.173,0.003,0.0,-0.005,0.002
2018-01-01 01:00:00-06:00,0.815,0.016,0.055,0.002,0.002,0.132,0.001,0.001,1.556,0.015,0.007,0.003,0.259,0.73,0.034,0.006,0.922,0.007,0.173,0.003,0.0,-0.004,0.003
2018-01-01 01:01:00-06:00,0.87,0.019,0.054,0.002,0.002,0.132,0.001,0.001,1.601,0.015,0.007,0.003,0.259,0.731,0.078,0.006,1.09,0.006,0.172,0.003,0.0,-0.004,0.004
2018-01-01 01:02:00-06:00,1.06,0.189,0.054,0.002,0.002,0.132,0.001,0.002,1.605,0.015,0.007,0.003,0.259,0.732,0.083,0.006,1.086,0.006,0.171,0.003,0.0,-0.004,0.004
2018-01-01 01:03:00-06:00,1.753,0.874,0.054,0.003,0.004,0.133,0.0,0.002,1.77,0.015,0.007,0.003,0.384,0.733,0.121,0.006,1.082,0.006,0.17,0.003,0.0,-0.004,0.004
2018-01-01 01:04:00-06:00,1.775,0.863,0.054,0.003,0.003,0.133,0.0,0.002,1.69,0.015,0.007,0.003,0.258,0.733,0.169,0.006,1.079,0.006,0.169,0.003,0.0,-0.004,0.004
2018-01-01 01:05:00-06:00,1.88,0.853,0.053,0.003,0.003,0.134,0.0,0.002,1.705,0.015,0.007,0.003,0.259,0.734,0.183,0.006,1.07,0.006,0.169,0.003,0.0,-0.004,0.004
2018-01-01 01:06:00-06:00,1.846,0.869,0.054,0.003,0.003,0.133,0.0,0.002,1.497,0.015,0.007,0.003,0.04,0.733,0.184,0.006,1.09,0.006,0.168,0.003,0.0,-0.004,0.004
2018-01-01 01:07:00-06:00,1.743,0.864,0.052,0.003,0.003,0.133,0.0,0.002,1.46,0.015,0.007,0.003,0.001,0.734,0.184,0.006,0.512,0.008,0.166,0.003,0.0,-0.005,0.001
2018-01-01 01:08:00-06:00,1.732,0.853,0.052,0.003,0.003,0.133,0.0,0.001,1.445,0.015,0.007,0.003,0.0,0.734,0.17,0.006,0.474,0.008,0.166,0.003,0.0,-0.005,0.001
2018-01-01 01:09:00-06:00,1.755,0.868,0.052,0.003,0.003,0.133,0.0,0.001,1.435,0.015,0.007,0.003,0.0,0.735,0.161,0.006,0.474,0.008,0.165,0.003,0.0,-0.005,0.001
2018-01-01 01:10:00-06:00,1.791,0.863,0.052,0.003,0.003,0.133,0.0,0.001,1.433,0.015,0.007,0.003,0.0,0.736,0.157,0.006,0.473,0.008,0.165,0.003,0.0,-0.005,0.001
2018-01-01 01:11:00-06:00,1.775,0.852,0.053,0.002,0.003,0.133,0.0,0.002,1.432,0.015,0.007,0.003,0.0,0.736,0.157,0.006,0.471,0.008,0.163,0.003,0.0,-0.005,0.001
2018-01-01 01:12:00-06:00,1.746,0.868,0.052,0.003,0.003,0.133,0.0,0.001,1.431,0.015,0.007,0.003,0.0,0.736,0.155,0.006,0.469,0.008,0.16,0.003,0.0,-0.005,0.001
2018-01-01 01:13:00-06:00,1.767,0.864,0.052,0.003,0.003,0.133,0.0,0.002,1.43,0.015,0.007,0.003,0.0,0.736,0.152,0.006,0.468,0.008,0.158,0.003,0.0,-0.005,0.001
2018-01-01 01:14:00-06:00,1.823,0.852,0.052,0.003,0.003,0.133,0.0,0.002,1.427,0.015,0.007,0.003,0.0,0.736,0.15,0.006,0.467,0.008,0.158,0.003,0.0,-0.005,0.001
2018-01-01 01:15:00-06:00,1.834,0.866,0.052,0.003,0.003,0.133,0.0,0.001,1.428,0.015,0.007,0.003,0.0,0.736,0.15,0.006,0.516,0.008,0.139,0.003,0.0,-0.005,0.002
2018-01-01 01:16:00-06:00,1.831,0.862,0.052,0.003,0.003,0.132,0.0,0.001,1.429,0.015,0.007,0.003,0.0,0.737,0.152,0.006,0.776,0.007,0.002,0.003,0.0,-0.004,0.003
2018-01-01 01:17:00-06:00,1.815,0.852,0.052,0.003,0.003,0.133,0.0,0.001,1.431,0.015,0.007,0.003,0.0,0.737,0.152,0.006,0.953,0.007,0.002,0.003,0.0,-0.004,0.004
2018-01-01 01:18:00-06:00,1.736,0.867,0.053,0.003,0.003,0.133,0.0,0.001,1.427,0.015,0.007,0.003,0.0,0.737,0.15,0.006,0.986,0.007,0.002,0.003,0.0,-0.004,0.004
2018-01-01 01:19:00-06:00,1.634,0.862,0.052,0.003,0.003,0.133,0.0,0.001,1.424,0.015,0.007,0.003,0.0,0.737,0.148,0.006,0.982,0.007,0.002,0.003,0.0,-0.004,0.004
2018-01-01 01:20:00-06:00,1.525,0.85,0.052,0.003,0.004,0.132,0.0,0.001,1.425,0.015,0.007,0.003,0.0,0.737,0.148,0.006,0.978,0.007,0.002,0.003,0.0,-0.004,0.004
2018-01-01 01:21:00-06:00,1.531,0.861,0.052,0.003,0.004,0.133,0.0,0.001,1.457,0.015,0.007,0.003,0.0,0.738,0.127,0.006,0.976,0.007,0.002,0.003,0.0,-0.004,0.004
2018-01-01 01:22:00-06:00,1.526,0.857,0.052,0.003,0.004,0.133,0.0,0.001,1.52,0.014,0.007,0.003,0.001,0.738,0.121,0.006,0.976,0.007,0.002,0.003,0.0,-0.004,0.004
2018-01-01 01:23:00-06:00,1.515,0.847,0.052,0.003,0.004,0.133,0.0,0.001,1.41,0.011,0.007,0.003,0.001,0.739,0.032,0.006,0.979,0.007,0.002,0.003,0.0,-0.004,0.004
2018-01-01 01:24:00-06:00,1.552,0.857,0.051,0.003,0.004,0.132,0.0,0.001,1.39,0.016,0.007,0.003,0.001,0.739,0.01,0.006,0.963,0.007,0.002,0.003,0.0,-0.004,0.004
2018-01-01 01:25:00-06:00,1.62,0.856,0.052,0.003,0.004,0.132,0.0,0.001,1.39,0.015,0.007,0.003,0.001,0.739,0.009,0.006,0.91,0.007,0.002,0.003,0.0,-0.004,0.004
2018-01-01 01:26:00-06:00,1.516,0.848,0.052,0.003,0.003,0.132,0.0,0.001,1.388,0.015,0.007,0.003,0.001,0.74,0.007,0.006,0.91,0.007,0.002,0.003,0.0,-0.004,0.004
2018-01-01 01:27:00-06:00,1.512,0.857,0.052,0.003,0.003,0.132,0.0,0.001,1.389,0.015,0.007,0.003,0.001,0.74,0.007,0.006,0.898,0.007,0.002,0.003,0.0,-0.004,0.004
2018-01-01 01:28:00-06:00,1.546,0.856,0.052,0.003,0.003,0.132,0.0,0.002,1.39,0.015,0.007,0.003,0.001,0.739,0.009,0.006,0.918,0.007,0.002,0.003,0.0,-0.004,0.004
2018-01-01 01:29:00-06:00,1.725,0.848,0.052,0.003,0.003,0.132,0.0,0.001,1.39,0.015,0.007,0.003,0.001,0.739,0.009,0.006,0.358,0.008,0.002,0.003,0.0,-0.005,0.001
2018-01-01 01:30:00-06:00,1.733,0.857,0.052,0.003,0.003,0.132,0.0,0.001,1.401,0.015,0.007,0.003,0.001,0.751,0.009,0.006,0.34,0.008,0.002,0.003,0.0,-0.005,0.001
2018-01-01 01:31:00-06:00,1.76,0.857,0.052,0.003,0.003,0.134,0.0,0.001,1.03,0.015,0.008,0.003,0.001,0.379,0.007,0.006,0.335,0.008,0.002,0.003,0.0,-0.005,0.001
2018-01-01 01:32:00-06:00,1.687,0.757,0.052,0.002,0.003,0.132,0.0,0.002,1.472,0.015,0.007,0.003,0.001,0.822,0.007,0.006,0.326,0.008,0.002,0.003,0.0,-0.005,0.001
2018-01-01 01:33:00-06:00,0.951,0.017,0.053,0.002,0.002,0.131,0.001,0.001,1.51,0.015,0.007,0.003,0.001,0.815,0.052,0.006,0.333,0.008,0.002,0.003,0.0,-0.005,0.001
2018-01-01 01:34:00-06:00,0.93,0.016,0.053,0.002,0.002,0.131,0.001,0.001,1.514,0.015,0.007,0.003,0.001,0.811,0.059,0.006,0.334,0.008,0.002,0.003,0.0,-0.005,0.001
2018-01-01 01:35:00-06:00,0.913,0.002,0.052,0.002,0.002,0.131,0.001,0.001,1.542,0.015,0.007,0.003,0.001,0.807,0.092,0.006,0.415,0.008,0.002,0.003,0.0,-0.005,0.001
2018-01-01 01:36:00-06:00,0.913,0.001,0.053,0.002,0.002,0.131,0.001,0.001,1.583,0.015,0.007,0.003,0.0,0.805,0.136,0.006,0.939,0.007,0.002,0.003,0.0,-0.004,0.004
2018-01-01 01:37:00-06:00,0.975,0.001,0.053,0.002,0.002,0.131,0.001,0.001,1.598,0.015,0.007,0.003,0.0,0.803,0.152,0.006,0.928,0.007,0.003,0.003,0.0,-0.004,0.004
2018-01-01 01:38:00-06:00,1.02,0.002,0.052,0.002,0.002,0.13,0.001,0.001,1.592,0.015,0.007,0.003,0.0,0.802,0.15,0.006,1.0,0.007,0.009,0.003,0.0,-0.004,0.004
2018-01-01 01:39:00-06:00,1.051,0.002,0.052,0.002,0.002,0.13,0.001,0.001,1.594,0.015,0.007,0.003,0.0,0.801,0.153,0.006,1.025,0.007,0.009,0.003,0.0,-0.004,0.004
2018-01-01 01:40:00-06:00,1.038,0.001,0.052,0.002,0.002,0.131,0.001,0.001,1.581,0.015,0.007,0.003,0.0,0.8,0.141,0.006,1.012,0.007,0.009,0.003,0.0,-0.004,0.004
2018-01-01 01:41:00-06:00,0.925,0.001,0.052,0.002,0.002,0.13,0.001,0.001,1.576,0.015,0.007,0.003,0.0,0.799,0.137,0.006,1.002,0.007,0.009,0.003,0.0,-0.004,0.004
2018-01-01 01:42:00-06:00,0.821,0.001,0.052,0.002,0.002,0.13,0.001,0.001,1.566,0.015,0.007,0.003,0.0,0.798,0.128,0.006,1.03,0.007,0.038,0.003,0.0,-0.004,0.004
2018-01-01 01:43:00-06:00,0.677,0.001,0.052,0.002,0.002,0.13,0.001,0.001,1.565,0.015,0.007,0.003,0.0,0.797,0.127,0.006,1.19,0.006,0.189,0.003,0.0,-0.004,0.004
2018-01-01 01:44:00-06:00,0.591,0.001,0.052,0.002,0.002,0.13,0.001,0.001,1.562,0.015,0.007,0.003,0.0,0.797,0.125,0.006,1.154,0.006,0.181,0.003,0.0,-0.004,0.004
2018-01-01 01:45:00-06:00,0.59,0.001,0.052,0.002,0.002,0.13,0.001,0.001,1.559,0.015,0.007,0.003,0.0,0.797,0.122,0.006,1.102,0.006,0.177,0.003,0.0,-0.004,0.004
2018-01-01 01:46:00-06:00,0.627,0.001,0.052,0.002,0.002,0.13,0.001,0.001,1.555,0.015,0.007,0.003,0.0,0.796,0.12,0.006,1.035,0.007,0.175,0.003,0.0,-0.004,0.004
2018-01-01 01:47:00-06:00,0.638,0.001,0.052,0.002,0.002,0.13,0.001,0.001,1.552,0.015,0.007,0.003,0.0,0.795,0.119,0.006,0.516,0.008,0.172,0.003,0.0,-0.005,0.001
2018-01-01 01:48:00-06:00,0.666,0.001,0.052,0.002,0.002,0.13,0.001,0.001,1.554,0.015,0.007,0.003,0.0,0.795,0.121,0.006,0.517,0.008,0.17,0.003,0.0,-0.005,0.001
2018-01-01 01:49:00-06:00,0.76,0.001,0.052,0.002,0.002,0.13,0.001,0.001,1.553,0.015,0.007,0.003,0.0,0.795,0.12,0.006,0.605,0.008,0.169,0.003,0.0,-0.005,0.002
2018-01-01 01:50:00-06:00,0.77,0.001,0.052,0.002,0.002,0.13,0.001,0.001,1.552,0.015,0.007,0.003,0.0,0.794,0.119,0.006,1.117,0.006,0.17,0.003,0.0,-0.004,0.004
2018-01-01 01:51:00-06:00,0.804,0.001,0.052,0.002,0.002,0.129,0.001,0.001,1.549,0.015,0.007,0.003,0.001,0.794,0.117,0.006,1.112,0.006,0.169,0.003,0.0,-0.004,0.004
2018-01-01 01:52:00-06:00,0.84,0.001,0.052,0.002,0.002,0.129,0.001,0.001,1.548,0.015,0.007,0.003,0.0,0.793,0.116,0.006,1.111,0.006,0.169,0.003,0.0,-0.004,0.004
2018-01-01 01:53:00-06:00,1.033,0.001,0.052,0.002,0.002,0.129,0.001,0.001,1.543,0.009,0.007,0.003,0.001,0.793,0.118,0.006,1.109,0.006,0.168,0.003,0.0,-0.004,0.004
2018-01-01 01:54:00-06:00,1.032,0.001,0.051,0.002,0.002,0.13,0.001,0.001,1.453,0.005,0.007,0.003,0.001,0.709,0.118,0.006,1.087,0.006,0.168,0.003,0.0,-0.004,0.004
2018-01-01 01:55:00-06:00,0.95,0.001,0.052,0.002,0.002,0.13,0.001,0.001,1.438,0.005,0.007,0.003,0.001,0.716,0.096,0.006,1.067,0.006,0.167,0.003,0.0,-0.004,0.004
2018-01-01 01:56:00-06:00,0.91,0.002,0.052,0.002,0.002,0.13,0.001,0.001,1.385,0.005,0.007,0.003,0.001,0.721,0.038,0.006,1.084,0.006,0.166,0.003,0.0,-0.004,0.004
2018-01-01 01:57:00-06:00,0.91,0.001,0.052,0.002,0.002,0.129,0.001,0.001,1.387,0.005,0.007,0.003,0.001,0.724,0.036,0.006,0.508,0.008,0.165,0.003,0.0,-0.005,0.001
2018-01-01 01:58:00-06:00,0.91,0.001,0.052,0.002,0.002,0.129,0.001,0.001,1.386,0.005,0.007,0.003,0.001,0.727,0.034,0.006,0.467,0.008,0.163,0.003,0.0,-0.005,0.001
2018-01-01 01:59:00-06:00,0.91,0.002,0.052,0.002,0.002,0.129,0.001,0.001,1.388,0.005,0.007,0.003,0.001,0.729,0.034,0.006,0.471,0.008,0.16,0.003,0.0,-0.005,0.001
2018-01-01 18:00:00-06:00,1.822,0.002,0.001,0.217,0.059,0.12,0.001,0.002,1.972,0.002,0.007,0.003,0.286,0.735,0.037,0.007,0.649,0.008,0.166,0.003,0.0,-0.029,0.001
2018-01-01 18:01:00-06:00,7.01,0.005,0.001,0.216,0.055,0.119,0.001,0.003,1.731,0.002,0.007,0.003,0.286,0.523,0.044,0.007,0.646,0.008,0.165,0.003,0.0,-0.029,0.001
2018-01-01 18:02:00-06:00,3.923,0.002,0.002,0.217,0.045,0.121,0.001,0.002,1.855,0.002,0.007,0.003,0.285,0.646,0.046,0.007,0.661,0.008,0.175,0.003,0.0,-0.029,0.001
2018-01-01 18:03:00-06:00,4.414,0.003,0.001,0.217,0.073,0.12,0.001,0.002,2.154,0.002,0.007,0.003,0.359,0.812,0.044,0.007,0.676,0.008,0.165,0.003,0.0,-0.029,0.001
2018-01-01 18:04:00-06:00,5.966,0.002,0.002,0.217,0.111,0.12,0.001,0.002,2.148,0.002,0.007,0.003,0.344,0.806,0.044,0.007,0.658,0.008,0.165,0.003,0.0,-0.012,0.001
2018-01-01 18:05:00-06:00,1.664,0.001,0.003,0.217,0.18,0.121,0.001,0.002,2.21,0.002,0.007,0.003,0.291,0.802,0.052,0.007,0.658,0.03,0.164,0.003,0.0,-0.005,0.001
2018-01-01 18:06:00-06:00,6.628,0.003,0.0,0.217,0.141,0.119,0.001,0.002,2.419,0.002,0.007,0.003,0.283,0.8,0.095,0.007,3.46,2.876,0.206,0.003,0.0,-0.004,0.001
2018-01-01 18:07:00-06:00,1.708,0.001,0.003,0.217,0.048,0.121,0.001,0.002,2.348,0.002,0.013,0.003,0.282,0.799,0.094,0.007,3.882,3.312,0.207,0.003,0.0,-0.004,0.001
2018-01-01 18:08:00-06:00,1.575,0.001,0.002,0.245,0.066,0.136,0.001,0.002,2.427,0.002,0.041,0.003,0.283,0.796,0.152,0.007,3.979,3.296,0.208,0.003,0.048,-0.004,0.001
2018-01-01 18:09:00-06:00,1.522,0.002,0.003,0.259,0.066,0.12,0.001,0.002,2.46,0.002,0.04,0.003,0.282,0.794,0.187,0.007,4.385,3.286,0.188,0.003,0.119,-0.003,0.003
2018-01-01 18:10:00-06:00,1.486,0.002,0.003,0.259,0.05,0.12,0.006,0.007,2.116,0.002,0.04,0.003,0.283,0.793,0.188,0.006,4.797,3.28,0.206,0.004,0.119,-0.003,0.004
2018-01-01 18:11:00-06:00,1.51,0.001,0.003,0.259,0.053,0.121,0.029,0.029,2.077,0.002,0.039,0.003,0.284,0.793,0.208,0.006,4.575,3.281,0.191,0.003,0.119,-0.003,0.004
2018-01-01 18:12:00-06:00,1.558,0.001,0.003,0.259,0.075,0.12,0.015,0.016,2.414,0.002,0.04,0.003,0.287,0.793,0.188,0.007,4.544,3.276,0.167,0.003,0.119,-0.003,0.004
2018-01-01 18:13:00-06:00,1.594,0.002,0.003,0.258,0.12,0.12,0.001,0.002,2.45,0.002,0.04,0.003,0.286,0.792,0.186,0.007,4.528,3.274,0.166,0.003,0.119,-0.003,0.004
2018-01-01 18:14:00-06:00,1.629,0.002,0.003,0.258,0.193,0.12,0.001,0.002,2.449,0.002,0.04,0.003,0.286,0.791,0.19,0.007,4.43,3.272,0.05,0.003,0.119,-0.003,0.004
2018-01-01 18:15:00-06:00,1.584,0.001,0.002,0.258,0.276,0.119,0.0,0.001,2.081,0.002,0.039,0.003,0.286,0.79,0.175,0.006,2.452,1.659,0.009,0.003,0.119,-0.004,0.002
2018-01-01 18:16:00-06:00,1.574,0.001,0.002,0.258,0.264,0.119,0.001,0.001,2.036,0.002,0.039,0.003,0.285,0.79,0.174,0.006,1.954,1.421,0.008,0.003,0.119,-0.004,0.001
2018-01-01 18:17:00-06:00,1.364,0.001,0.003,0.258,0.053,0.12,0.001,0.001,4.626,0.002,0.963,1.3,0.286,0.789,0.171,0.006,1.997,1.422,0.008,0.003,0.119,-0.004,0.001
2018-01-01 18:18:00-06:00,1.345,0.001,0.003,0.258,0.06,0.12,0.001,0.002,6.131,0.002,1.674,2.007,0.377,0.789,0.13,0.006,2.02,1.424,0.01,0.003,0.119,-0.004,0.001
2018-01-01 18:19:00-06:00,1.568,0.002,0.003,0.258,0.117,0.12,0.001,0.002,5.347,0.003,1.664,1.286,0.322,0.79,0.127,0.008,2.044,1.424,0.008,0.003,0.119,-0.004,0.001
2018-01-01 18:20:00-06:00,1.712,0.002,0.003,0.257,0.192,0.119,0.001,0.002,4.468,0.002,1.287,1.231,0.155,0.789,0.123,0.006,2.077,1.424,0.008,0.003,0.119,-0.004,0.001
2018-01-01 18:21:00-06:00,1.771,0.002,0.003,0.257,0.277,0.119,0.001,0.002,3.004,0.003,0.941,0.306,0.002,0.788,0.125,0.007,2.114,1.424,0.008,0.003,0.119,-0.004,0.001
2018-01-01 18:22:00-06:00,1.706,0.002,0.003,0.257,0.227,0.119,0.001,0.002,3.861,0.0,0.628,1.49,0.002,0.785,0.127,0.004,2.104,1.424,0.008,0.003,0.119,-0.004,0.001
2018-01-01 18:23:00-06:00,1.544,0.002,0.004,0.258,0.043,0.12,0.001,0.002,2.784,0.003,1.032,0.002,0.002,0.788,0.123,0.007,2.318,1.424,0.008,0.003,0.119,-0.004,0.001
2018-01-01 18:24:00-06:00,1.735,0.002,0.003,0.258,0.09,0.131,0.001,0.001,3.525,0.005,1.664,0.002,0.003,0.789,0.12,0.008,2.247,1.424,0.15,0.003,0.119,-0.004,0.001
2018-01-01 18:25:00-06:00,1.809,0.002,0.003,0.258,0.132,0.131,0.001,0.002,3.801,0.002,1.14,0.937,0.003,0.721,0.121,0.006,2.286,1.424,0.189,0.003,0.119,-0.004,0.001
2018-01-01 18:26:00-06:00,1.944,0.002,0.002,0.258,0.218,0.13,0.001,0.001,4.219,0.004,1.664,0.834,0.003,0.711,0.123,0.007,2.284,1.425,0.177,0.003,0.119,-0.004,0.001
2018-01-01 18:27:00-06:00,1.981,0.002,0.003,0.257,0.318,0.13,0.001,0.002,4.192,0.004,1.662,0.785,0.003,0.717,0.122,0.008,2.039,1.187,0.174,0.003,0.119,-0.004,0.001
2018-01-01 18:28:00-06:00,2.104,0.002,0.003,0.258,0.324,0.13,0.001,0.002,3.475,0.005,1.658,0.069,0.003,0.721,0.119,0.009,2.158,1.311,0.172,0.003,0.119,-0.004,0.001
2018-01-01 18:29:00-06:00,2.013,0.002,0.003,0.258,0.322,0.13,0.001,0.002,3.241,0.004,1.504,0.002,0.003,0.723,0.118,0.009,2.268,1.424,0.171,0.003,0.119,-0.004,0.001
2018-01-01 18:30:00-06:00,1.957,0.002,0.003,0.258,0.321,0.13,0.0,0.002,2.867,0.004,1.138,0.002,0.002,0.724,0.118,0.008,2.356,1.424,0.169,0.003,0.119,-0.004,0.001
2018-01-01 18:31:00-06:00,1.856,0.002,0.002,0.258,0.298,0.13,0.003,0.004,2.554,0.003,0.826,0.003,0.002,0.725,0.12,0.007,2.87,1.419,0.17,0.003,0.119,-0.003,0.004
2018-01-01 18:32:00-06:00,1.601,0.002,0.003,0.258,0.137,0.13,0.029,0.029,3.241,0.004,1.249,0.002,0.279,0.728,0.119,0.009,2.872,1.42,0.173,0.003,0.119,-0.003,0.004
2018-01-01 18:33:00-06:00,1.524,0.001,0.002,0.259,0.032,0.131,0.029,0.029,3.416,0.002,0.66,0.833,0.294,0.726,0.061,0.006,2.866,1.422,0.168,0.003,0.119,-0.003,0.004
2018-01-01 18:34:00-06:00,1.413,0.001,0.003,0.259,0.003,0.131,0.029,0.03,3.802,0.003,1.089,0.82,0.292,0.728,0.01,0.007,2.861,1.421,0.168,0.003,0.119,-0.003,0.004
2018-01-01 18:35:00-06:00,1.353,0.001,0.003,0.259,0.002,0.13,0.029,0.03,3.134,0.003,0.979,0.264,0.292,0.729,0.009,0.008,3.064,1.42,0.167,0.004,0.119,-0.003,0.004
2018-01-01 18:36:00-06:00,1.244,0.001,0.004,0.258,0.002,0.13,0.029,0.03,2.413,0.003,0.537,0.003,0.288,0.729,0.003,0.008,2.89,1.421,0.178,0.003,0.119,-0.003,0.004
2018-01-01 18:37:00-06:00,1.218,0.001,0.004,0.258,0.002,0.13,0.029,0.03,2.46,0.003,0.58,0.003,0.289,0.73,0.003,0.008,2.224,1.1,0.166,0.003,0.119,-0.004,0.002
2018-01-01 18:38:00-06:00,1.222,0.001,0.004,0.258,0.002,0.131,0.029,0.03,1.906,0.002,0.04,0.003,0.289,0.729,0.005,0.007,2.266,1.423,0.165,0.003,0.119,-0.004,0.001
2018-01-01 18:39:00-06:00,1.237,0.001,0.004,0.258,0.012,0.132,0.029,0.03,1.901,0.002,0.04,0.003,0.285,0.73,0.006,0.007,2.266,1.423,0.165,0.003,0.119,-0.004,0.001
2018-01-01 18:40:00-06:00,1.316,0.001,0.004,0.258,0.053,0.131,0.029,0.03,2.519,0.001,0.039,0.619,0.285,0.73,0.009,0.006,2.266,1.423,0.164,0.003,0.119,-0.004,0.001
2018-01-01 18:41:00-06:00,1.392,0.002,0.004,0.258,0.108,0.13,0.029,0.03,2.164,0.002,0.04,0.27,0.284,0.731,0.005,0.006,2.264,1.422,0.163,0.003,0.119,-0.004,0.001
2018-01-01 18:42:00-06:00,1.469,0.001,0.003,0.258,0.115,0.13,0.029,0.03,2.132,0.002,0.04,0.24,0.282,0.731,0.004,0.006,2.266,1.424,0.163,0.003,0.119,-0.004,0.001
2018-01-01 18:43:00-06:00,1.473,0.001,0.003,0.258,0.108,0.13,0.029,0.03,2.569,0.001,0.039,0.647,0.282,0.731,0.038,0.006,1.067,0.2,0.166,0.003,0.119,-0.004,0.001
2018-01-01 18:44:00-06:00,1.635,0.001,0.003,0.257,0.117,0.13,0.029,0.03,2.087,0.002,0.176,0.003,0.282,0.732,0.056,0.007,2.272,1.431,0.162,0.003,0.119,-0.004,0.001
2018-01-01 18:45:00-06:00,1.593,0.001,0.004,0.257,0.113,0.13,0.014,0.014,3.631,0.005,1.67,0.002,0.278,0.736,0.072,0.009,2.268,1.426,0.162,0.003,0.119,-0.004,0.001
2018-01-01 18:46:00-06:00,1.6,0.002,0.004,0.257,0.139,0.131,0.001,0.002,3.678,0.005,1.661,0.002,0.28,0.735,0.127,0.009,2.15,1.425,0.047,0.003,0.119,-0.004,0.001
2018-01-01 18:47:00-06:00,1.646,0.002,0.004,0.257,0.14,0.13,0.001,0.002,3.55,0.005,1.5,0.002,0.279,0.735,0.152,0.009,2.323,1.423,0.008,0.003,0.119,-0.004,0.001
2018-01-01 18:48:00-06:00,1.627,0.002,0.003,0.257,0.117,0.13,0.001,0.001,2.056,0.002,0.04,0.003,0.28,0.733,0.146,0.007,2.104,1.417,0.009,0.003,0.119,-0.004,0.001
2018-01-01 18:49:00-06:00,1.569,0.002,0.004,0.257,0.079,0.13,0.001,0.002,2.611,0.001,0.039,0.561,0.279,0.733,0.156,0.006,2.182,1.42,0.008,0.003,0.119,-0.004,0.001
2018-01-01 18:50:00-06:00,1.572,0.001,0.003,0.257,0.092,0.13,0.001,0.002,2.048,0.002,0.04,0.003,0.279,0.734,0.143,0.007,2.205,1.423,0.008,0.003,0.119,-0.004,0.001
2018-01-01 18:51:00-06:00,1.647,0.001,0.003,0.257,0.088,0.13,0.001,0.001,2.056,0.002,0.04,0.003,0.278,0.734,0.147,0.007,2.184,1.423,0.008,0.003,0.119,-0.004,0.0
2018-01-01 18:52:00-06:00,1.646,0.001,0.003,0.257,0.062,0.129,0.001,0.001,2.019,0.002,0.04,0.003,0.275,0.734,0.14,0.007,2.185,1.423,0.008,0.003,0.119,-0.004,0.0
2018-01-01 18:53:00-06:00,1.721,0.001,0.003,0.257,0.059,0.13,0.001,0.001,1.985,0.002,0.04,0.003,0.277,0.734,0.131,0.006,1.39,0.592,0.008,0.003,0.119,-0.004,0.0
2018-01-01 18:54:00-06:00,1.644,0.001,0.003,0.257,0.073,0.13,0.001,0.001,1.983,0.002,0.04,0.003,0.276,0.734,0.13,0.007,0.889,0.061,0.008,0.003,0.119,-0.004,0.0
2018-01-01 18:55:00-06:00,1.544,0.002,0.004,0.257,0.054,0.13,0.001,0.002,1.979,0.002,0.04,0.003,0.275,0.734,0.127,0.006,0.916,0.061,0.008,0.003,0.119,-0.004,0.0
2018-01-01 18:56:00-06:00,1.406,0.002,0.004,0.257,0.066,0.129,0.001,0.002,1.978,0.002,0.04,0.003,0.276,0.734,0.123,0.007,0.924,0.061,0.005,0.003,0.119,-0.004,0.0
2018-01-01 18:57:00-06:00,1.421,0.001,0.003,0.258,0.072,0.13,0.001,0.002,1.977,0.002,0.04,0.003,0.275,0.735,0.123,0.007,1.068,0.061,0.146,0.003,0.119,-0.004,0.0
2018-01-01 18:58:00-06:00,1.485,0.001,0.003,0.223,0.112,0.13,0.001,0.001,1.901,0.002,0.04,0.003,0.274,0.735,0.046,0.007,1.099,0.061,0.178,0.003,0.119,-0.004,0.0
2018-01-01 18:59:00-06:00,1.564,0.001,0.003,0.216,0.176,0.129,0.001,0.001,2.303,0.003,0.41,0.003,0.272,0.735,0.035,0.007,1.089,0.061,0.17,0.003,0.119,-0.004,0.0
2018-01-01 19:00:00-06:00,1.656,0.001,0.002,0.217,0.201,0.129,0.001,0.002,3.612,0.005,1.67,0.002,0.275,0.737,0.038,0.009,1.303,0.061,0.167,0.003,0.119,-0.004,0.001
2018-01-01 19:01:00-06:00,1.536,0.001,0.003,0.217,0.062,0.13,0.001,0.001,3.601,0.005,1.663,0.002,0.273,0.737,0.043,0.009,1.146,0.061,0.164,0.003,0.119,-0.004,0.0
2018-01-01 19:02:00-06:00,1.597,0.001,0.003,0.216,0.097,0.13,0.0,0.001,2.425,0.003,0.444,0.003,0.273,0.736,0.044,0.008,1.15,0.061,0.162,0.003,0.119,-0.004,0.0
2018-01-01 19:03:00-06:00,1.401,0.002,0.004,0.216,0.101,0.129,0.001,0.002,2.007,0.002,0.039,0.003,0.266,0.735,0.046,0.007,1.216,0.061,0.161,0.003,0.119,-0.004,0.001
2018-01-01 19:04:00-06:00,1.348,0.001,0.004,0.216,0.1,0.129,0.001,0.002,2.058,0.002,0.039,0.003,0.38,0.735,0.044,0.007,1.564,0.06,0.16,0.003,0.119,-0.004,0.002
2018-01-01 19:05:00-06:00,1.309,0.002,0.004,0.216,0.056,0.13,0.001,0.002,1.952,0.002,0.038,0.003,0.273,0.735,0.044,0.007,1.738,0.06,0.16,0.003,0.119,-0.004,0.003
2018-01-01 19:06:00-06:00,1.317,0.001,0.004,0.216,0.066,0.13,0.001,0.002,1.953,0.002,0.038,0.003,0.274,0.736,0.044,0.007,1.732,0.06,0.159,0.003,0.119,-0.004,0.003
2018-01-01 19:07:00-06:00,1.322,0.001,0.004,0.216,0.07,0.13,0.001,0.001,1.933,0.002,0.038,0.003,0.272,0.736,0.044,0.007,1.731,0.06,0.158,0.003,0.119,-0.004,0.003
2018-01-01 19:08:00-06:00,1.407,0.002,0.003,0.216,0.096,0.13,0.001,0.002,1.945,0.002,0.038,0.003,0.269,0.737,0.046,0.007,1.737,0.06,0.172,0.003,0.119,-0.004,0.003
2018-01-01 19:09:00-06:00,1.7,0.002,0.002,0.216,0.141,0.129,0.001,0.002,1.947,0.002,0.038,0.003,0.269,0.737,0.048,0.007,1.64,0.06,0.06,0.003,0.119,-0.004,0.003
2018-01-01 19:10:00-06:00,1.682,0.002,0.002,0.216,0.235,0.129,0.001,0.002,1.943,0.002,0.038,0.003,0.268,0.737,0.043,0.007,1.245,0.061,0.012,0.003,0.119,-0.004,0.001
2018-01-01 19:11:00-06:00,1.369,0.001,0.003,0.216,0.041,0.13,0.001,0.002,1.946,0.002,0.038,0.003,0.27,0.737,0.044,0.007,0.97,0.061,0.001,0.003,0.119,-0.004,0.0
2018-01-01 19:12:00-06:00,1.331,0.001,0.004,0.216,0.082,0.13,0.001,0.002,1.944,0.002,0.038,0.003,0.269,0.737,0.044,0.007,1.182,0.061,0.001,0.003,0.119,-0.004,0.001
2018-01-01 19:13:00-06:00,1.361,0.002,0.003,0.216,0.099,0.13,0.001,0.002,1.936,0.002,0.038,0.003,0.263,0.737,0.044,0.007,0.967,0.061,0.001,0.003,0.119,-0.004,0.0
2018-01-01 19:14:00-06:00,1.353,0.002,0.004,0.216,0.106,0.13,0.001,0.001,2.035,0.002,0.038,0.003,0.359,0.737,0.042,0.007,0.978,0.061,0.01,0.003,0.119,-0.004,0.0
2018-01-01 19:15:00-06:00,1.371,0.002,0.004,0.216,0.067,0.13,0.001,0.002,1.965,0.002,0.038,0.003,0.287,0.736,0.042,0.007,1.672,0.062,0.016,0.715,0.119,-0.004,0.001
2018-01-01 19:16:00-06:00,1.494,0.002,0.003,0.216,0.057,0.13,0.001,0.002,1.944,0.002,0.038,0.003,0.268,0.736,0.042,0.007,1.609,0.028,0.008,0.606,0.119,-0.004,0.001
2018-01-01 19:17:00-06:00,1.68,0.002,0.003,0.216,0.053,0.13,0.001,0.002,1.938,0.002,0.038,0.003,0.268,0.736,0.042,0.007,1.051,0.008,0.008,0.003,0.119,-0.004,0.0
2018-01-01 19:18:00-06:00,1.728,0.002,0.003,0.216,0.082,0.13,0.001,0.001,1.943,0.002,0.038,0.003,0.267,0.736,0.044,0.007,0.987,0.008,0.016,0.003,0.119,-0.004,0.0
2018-01-01 19:19:00-06:00,1.746,0.002,0.002,0.216,0.114,0.13,0.001,0.002,1.947,0.002,0.038,0.003,0.267,0.736,0.042,0.007,0.964,0.008,0.008,0.014,0.119,-0.004,0.0
2018-01-01 19:20:00-06:00,1.76,0.002,0.003,0.216,0.17,0.13,0.001,0.002,1.951,0.002,0.038,0.003,0.264,0.736,0.042,0.007,0.954,0.008,0.008,0.009,0.119,-0.004,0.0
2018-01-01 19:21:00-06:00,1.793,0.002,0.003,0.216,0.283,0.13,0.001,0.002,1.967,0.002,0.038,0.003,0.26,0.737,0.042,0.007,0.954,0.008,0.01,0.003,0.119,-0.004,0.0
2018-01-01 19:22:00-06:00,1.848,0.002,0.003,0.216,0.341,0.13,0.001,0.001,2.096,0.002,0.038,0.003,0.377,0.737,0.042,0.007,0.957,0.008,0.008,0.003,0.119,-0.004,0.0
2018-01-01 19:23:00-06:00,1.932,0.002,0.003,0.216,0.378,0.129,0.001,0.002,2.028,0.002,0.038,0.003,0.266,0.737,0.013,0.007,0.952,0.008,0.011,0.003,0.119,-0.004,0.0
2018-01-01 19:24:00-06:00,1.904,0.002,0.003,0.216,0.361,0.13,0.001,0.001,2.014,0.002,0.038,0.003,0.265,0.737,0.003,0.007,0.966,0.008,0.023,0.003,0.119,-0.004,0.0
2018-01-01 19:25:00-06:00,1.911,0.002,0.003,0.216,0.36,0.13,0.001,0.001,1.947,0.002,0.038,0.003,0.264,0.737,0.004,0.006,1.218,0.007,0.061,0.003,0.119,-0.004,0.001
2018-01-01 19:26:00-06:00,1.856,0.001,0.002,0.216,0.346,0.13,0.0,0.001,2.367,0.001,0.038,0.452,0.262,0.736,0.003,0.006,1.136,0.007,0.198,0.003,0.119,-0.004,0.001
2018-01-01 19:27:00-06:00,1.689,0.001,0.002,0.217,0.232,0.13,0.0,0.001,2.339,0.001,0.038,0.429,0.258,0.736,0.003,0.006,1.169,0.007,0.222,0.003,0.119,-0.004,0.001
2018-01-01 19:28:00-06:00,1.493,0.001,0.003,0.217,0.034,0.131,0.001,0.002,1.859,0.002,0.038,0.003,0.257,0.736,0.005,0.007,1.139,0.007,0.195,0.003,0.119,-0.004,0.001
2018-01-01 19:29:00-06:00,1.457,0.001,0.003,0.217,0.017,0.131,0.018,0.019,1.823,0.002,0.038,0.003,0.258,0.737,0.005,0.007,1.112,0.007,0.174,0.003,0.119,-0.004,0.0
2018-01-01 19:30:00-06:00,1.435,0.001,0.003,0.217,0.002,0.132,0.029,0.029,1.487,0.002,0.038,0.005,0.258,0.398,0.005,0.007,1.116,0.007,0.173,0.003,0.119,-0.004,0.0
2018-01-01 19:31:00-06:00,1.399,0.001,0.004,0.217,0.002,0.131,0.029,0.029,2.289,0.001,0.038,0.416,0.259,0.789,0.005,0.006,1.111,0.007,0.171,0.003,0.119,-0.004,0.0
2018-01-01 19:32:00-06:00,1.29,0.001,0.004,0.217,0.002,0.132,0.029,0.03,1.901,0.002,0.038,0.003,0.26,0.813,0.005,0.007,1.107,0.041,0.169,0.003,0.119,-0.004,0.001
2018-01-01 19:33:00-06:00,1.274,0.001,0.004,0.217,0.002,0.131,0.029,0.03,1.669,0.002,0.038,0.003,0.011,0.807,0.008,0.006,1.085,0.064,0.175,0.003,0.119,-0.004,0.001
2018-01-01 19:34:00-06:00,1.273,0.001,0.004,0.217,0.002,0.13,0.029,0.03,1.681,0.002,0.038,0.003,0.001,0.804,0.005,0.006,1.05,0.064,0.168,0.003,0.119,-0.004,0.001
2018-01-01 19:35:00-06:00,1.339,0.001,0.003,0.217,0.002,0.129,0.029,0.029,1.683,0.002,0.038,0.003,0.001,0.802,0.006,0.006,1.054,0.064,0.172,0.003,0.119,-0.004,0.001
2018-01-01 19:36:00-06:00,1.377,0.001,0.003,0.216,0.002,0.129,0.029,0.029,1.655,0.002,0.038,0.003,0.001,0.8,0.005,0.006,1.091,0.064,0.212,0.003,0.119,-0.004,0.001
2018-01-01 19:37:00-06:00,1.418,0.001,0.003,0.216,0.002,0.129,0.029,0.029,1.703,0.002,0.038,0.003,0.001,0.798,0.005,0.006,1.236,0.063,0.177,0.003,0.082,-0.004,0.001
2018-01-01 19:38:00-06:00,1.381,0.001,0.004,0.216,0.002,0.129,0.029,0.03,1.723,0.002,0.038,0.003,0.001,0.796,0.007,0.006,0.938,0.064,0.177,0.003,0.0,-0.004,0.001
2018-01-01 19:39:00-06:00,1.288,0.001,0.004,0.216,0.002,0.129,0.029,0.03,1.751,0.002,0.038,0.003,0.001,0.796,0.005,0.007,0.953,0.064,0.175,0.003,0.0,-0.004,0.001
2018-01-01 19:40:00-06:00,1.279,0.001,0.004,0.216,0.002,0.13,0.029,0.03,1.795,0.002,0.038,0.003,0.001,0.795,0.005,0.007,1.007,0.064,0.179,0.003,0.0,-0.004,0.001
2018-01-01 19:41:00-06:00,1.255,0.001,0.004,0.216,0.002,0.13,0.029,0.03,1.81,0.002,0.038,0.003,0.001,0.794,0.03,0.007,1.021,0.064,0.18,0.003,0.0,-0.004,0.001
2018-01-01 19:42:00-06:00,1.239,0.001,0.004,0.216,0.002,0.129,0.029,0.03,1.828,0.002,0.038,0.003,0.001,0.793,0.059,0.007,1.015,0.064,0.17,0.003,0.0,-0.004,0.0
2018-01-01 19:43:00-06:00,1.296,0.002,0.004,0.216,0.002,0.129,0.029,0.03,1.942,0.002,0.038,0.003,0.001,0.793,0.06,0.126,1.009,0.044,0.169,0.003,0.0,-0.004,0.0
2018-01-01 19:44:00-06:00,1.444,0.001,0.003,0.216,0.002,0.129,0.029,0.029,1.84,0.002,0.038,0.003,0.001,0.792,0.069,0.006,1.006,0.008,0.189,0.003,0.0,-0.004,0.001
2018-01-01 19:45:00-06:00,1.64,0.002,0.003,0.216,0.002,0.129,0.029,0.03,1.787,0.002,0.038,0.003,0.001,0.74,0.07,0.007,0.994,0.008,0.168,0.003,0.0,-0.004,0.0
2018-01-01 19:46:00-06:00,1.616,0.002,0.003,0.216,0.002,0.13,0.029,0.03,1.759,0.002,0.038,0.003,0.001,0.713,0.069,0.007,1.074,0.007,0.168,0.003,0.0,-0.004,0.001
2018-01-01 19:47:00-06:00,1.705,0.002,0.003,0.215,0.002,0.129,0.029,0.03,1.764,0.002,0.038,0.003,0.001,0.719,0.071,0.007,1.532,0.006,0.169,0.003,0.0,-0.004,0.003
2018-01-01 19:48:00-06:00,1.55,0.002,0.004,0.216,0.002,0.129,0.029,0.03,1.764,0.002,0.038,0.003,0.001,0.723,0.069,0.007,1.62,0.006,0.169,0.003,0.0,-0.004,0.003
2018-01-01 19:49:00-06:00,1.5,0.001,0.004,0.216,0.002,0.13,0.029,0.03,1.764,0.002,0.038,0.003,0.001,0.725,0.068,0.007,1.661,0.006,0.168,0.003,0.0,-0.004,0.003
2018-01-01 19:50:00-06:00,1.529,0.002,0.004,0.216,0.002,0.13,0.029,0.03,1.768,0.002,0.038,0.003,0.001,0.726,0.07,0.007,1.7,0.006,0.168,0.003,0.0,-0.004,0.003
2018-01-01 19:51:00-06:00,1.544,0.001,0.004,0.217,0.002,0.13,0.029,0.03,1.771,0.002,0.038,0.003,0.001,0.728,0.068,0.007,1.68,0.006,0.167,0.003,0.0,-0.004,0.003
2018-01-01 19:52:00-06:00,4.23,0.001,0.004,0.216,0.002,0.13,0.029,0.03,1.777,0.002,0.038,0.003,0.001,0.729,0.071,0.007,1.662,0.006,0.167,0.003,0.0,-0.004,0.003
2018-01-01 19:53:00-06:00,6.738,0.001,0.003,0.217,0.002,0.13,0.029,0.029,1.688,0.002,0.038,0.003,0.001,0.73,0.067,0.006,1.662,0.006,0.166,0.003,0.0,-0.004,0.003
2018-01-01 19:54:00-06:00,6.662,0.001,0.003,0.217,0.002,0.129,0.029,0.029,1.664,0.002,0.038,0.003,0.001,0.73,0.068,0.006,1.662,0.006,0.166,0.003,0.0,-0.004,0.003
2018-01-01 19:55:00-06:00,6.633,0.001,0.003,0.217,0.002,0.13,0.029,0.029,1.661,0.002,0.038,0.003,0.001,0.731,0.065,0.006,1.649,0.006,0.166,0.003,0.0,-0.004,0.003
2018-01-01 19:56:00-06:00,2.267,0.001,0.004,0.217,0.002,0.13,0.029,0.029,1.664,0.002,0.038,0.003,0.001,0.732,0.066,0.006,1.669,0.006,0.166,0.003,0.0,-0.004,0.003
2018-01-01 19:57:00-06:00,6.578,0.001,0.004,0.217,0.002,0.129,0.029,0.029,1.664,0.002,0.038,0.003,0.001,0.732,0.065,0.006,1.676,0.006,0.165,0.003,0.0,-0.004,0.003
2018-01-01 19:58:00-06:00,2.517,0.001,0.004,0.217,0.002,0.13,0.029,0.029,1.663,0.002,0.038,0.003,0.001,0.732,0.063,0.006,1.655,0.006,0.165,0.003,0.0,-0.004,0.003
2018-01-01 19:59:00-06:00,2.678,0.001,0.004,0.217,0.002,0.131,0.029,0.029,1.661,0.002,0.038,0.003,0.001,0.733,0.063,0.006,1.648,0.006,0.165,0.003,0.0,-0.004,0.003
2018-01-01 20:00:00-06:00,1.487,0.002,0.004,0.217,0.002,0.13,0.029,0.029,1.648,0.002,0.038,0.003,0.001,0.733,0.05,0.006,2.236,0.007,0.164,0.615,0.0,-0.004,0.004
2018-01-01 20:01:00-06:00,1.458,0.002,0.005,0.217,0.002,0.13,0.029,0.029,1.631,0.002,0.038,0.003,0.001,0.734,0.034,0.006,1.645,0.006,0.164,0.003,0.0,-0.004,0.003
2018-01-01 20:02:00-06:00,5.365,0.002,0.004,0.217,0.002,0.13,0.029,0.029,1.631,0.002,0.038,0.003,0.001,0.734,0.034,0.006,1.588,0.006,0.163,0.003,0.0,-0.004,0.003
2018-01-01 20:03:00-06:00,4.292,0.003,0.007,0.217,0.002,0.13,0.029,0.029,1.639,0.002,0.038,0.003,0.001,0.735,0.042,0.006,1.52,0.007,0.124,0.003,0.0,-0.004,0.003
2018-01-01 20:04:00-06:00,1.992,0.003,0.007,0.217,0.002,0.13,0.029,0.029,1.642,0.002,0.038,0.003,0.001,0.735,0.043,0.006,1.41,0.007,0.018,0.005,0.0,-0.004,0.003
2018-01-01 20:05:00-06:00,1.55,0.002,0.004,0.217,0.002,0.13,0.029,0.03,1.646,0.002,0.038,0.003,0.001,0.736,0.045,0.006,1.379,0.007,0.009,0.003,0.0,-0.004,0.003
2018-01-01 20:06:00-06:00,1.517,0.002,0.005,0.217,0.002,0.13,0.029,0.03,1.648,0.002,0.038,0.003,0.001,0.735,0.044,0.006,1.372,0.007,0.009,0.003,0.0,-0.004,0.003
2018-01-01 20:07:00-06:00,1.513,0.002,0.005,0.217,0.002,0.13,0.029,0.03,1.649,0.002,0.038,0.003,0.001,0.735,0.044,0.006,1.474,0.007,0.009,0.003,0.0,-0.004,0.003
2018-01-01 20:08:00-06:00,1.461,0.002,0.004,0.216,0.002,0.131,0.029,0.03,1.648,0.002,0.038,0.003,0.001,0.735,0.044,0.006,1.352,0.007,0.009,0.003,0.0,-0.004,0.002
2018-01-01 20:09:00-06:00,1.459,0.002,0.004,0.216,0.002,0.131,0.029,0.03,1.65,0.002,0.038,0.003,0.001,0.736,0.044,0.006,0.892,0.008,0.008,0.003,0.0,-0.005,0.0
2018-01-01 20:10:00-06:00,1.49,0.002,0.004,0.216,0.002,0.131,0.029,0.03,1.653,0.002,0.038,0.003,0.001,0.736,0.045,0.006,0.885,0.008,0.008,0.003,0.0,-0.005,0.0
2018-01-01 20:11:00-06:00,1.597,0.002,0.004,0.216,0.002,0.131,0.029,0.03,1.651,0.002,0.038,0.003,0.001,0.736,0.044,0.006,0.887,0.008,0.008,0.003,0.0,-0.005,0.0
2018-01-01 20:12:00-06:00,1.537,0.002,0.004,0.216,0.002,0.132,0.029,0.03,1.649,0.002,0.038,0.003,0.001,0.735,0.043,0.006,0.917,0.008,0.008,0.003,0.0,-0.005,0.0
2018-01-01 20:13:00-06:00,1.572,0.002,0.003,0.216,0.002,0.131,0.029,0.03,1.646,0.002,0.038,0.003,0.001,0.736,0.043,0.006,0.976,0.008,0.061,0.003,0.0,-0.004,0.0
2018-01-01 20:14:00-06:00,1.575,0.002,0.004,0.216,0.002,0.132,0.029,0.03,1.65,0.002,0.038,0.003,0.001,0.736,0.046,0.006,1.078,0.008,0.186,0.003,0.0,-0.004,0.0
2018-01-01 20:15:00-06:00,1.534,0.002,0.004,0.216,0.002,0.131,0.029,0.03,1.684,0.002,0.038,0.003,0.001,0.736,0.079,0.006,1.07,0.008,0.177,0.003,0.0,-0.004,0.0
2018-01-01 20:16:00-06:00,1.528,0.002,0.005,0.216,0.002,0.131,0.029,0.03,1.661,0.002,0.038,0.003,0.001,0.737,0.094,0.006,1.069,0.008,0.173,0.003,0.0,-0.004,0.0
2018-01-01 20:17:00-06:00,1.499,0.002,0.004,0.216,0.002,0.13,0.029,0.029,1.642,0.002,0.038,0.003,0.001,0.737,0.102,0.006,1.066,0.008,0.171,0.003,0.0,-0.004,0.0
2018-01-01 20:18:00-06:00,1.498,0.002,0.004,0.216,0.002,0.13,0.029,0.03,1.728,0.002,0.038,0.003,0.001,0.737,0.111,0.006,1.064,0.008,0.167,0.003,0.0,-0.004,0.0
2018-01-01 20:19:00-06:00,1.458,0.002,0.004,0.216,0.002,0.13,0.029,0.03,1.89,0.002,0.038,0.003,0.001,0.759,0.111,0.006,0.974,0.008,0.164,0.003,0.0,-0.004,0.0
2018-01-01 20:20:00-06:00,1.614,0.002,0.004,0.217,0.002,0.13,0.029,0.029,1.515,0.002,0.039,0.003,0.001,0.375,0.118,0.006,1.015,0.008,0.162,0.003,0.0,-0.004,0.001
2018-01-01 20:21:00-06:00,1.605,0.002,0.003,0.217,0.002,0.129,0.029,0.029,1.986,0.001,0.038,0.003,0.001,0.817,0.151,0.006,1.376,0.007,0.161,0.003,0.0,-0.004,0.002
2018-01-01 20:22:00-06:00,1.609,0.001,0.003,0.217,0.002,0.13,0.029,0.029,1.96,0.002,0.038,0.003,0.001,0.81,0.13,0.006,1.558,0.007,0.16,0.003,0.0,-0.004,0.003
2018-01-01 20:23:00-06:00,1.54,0.002,0.003,0.217,0.002,0.129,0.029,0.03,1.952,0.002,0.038,0.003,0.001,0.806,0.108,0.006,1.552,0.007,0.159,0.003,0.0,-0.004,0.003
2018-01-01 20:24:00-06:00,1.569,0.002,0.004,0.217,0.002,0.13,0.029,0.03,1.962,0.002,0.038,0.003,0.001,0.803,0.099,0.006,1.556,0.007,0.158,0.003,0.0,-0.004,0.003
2018-01-01 20:25:00-06:00,1.426,0.001,0.004,0.217,0.002,0.13,0.029,0.03,1.948,0.002,0.038,0.003,0.001,0.801,0.101,0.006,1.609,0.007,0.158,0.003,0.0,-0.004,0.003
2018-01-01 20:26:00-06:00,1.382,0.001,0.004,0.217,0.002,0.13,0.029,0.029,1.944,0.002,0.038,0.003,0.001,0.798,0.102,0.006,1.576,0.007,0.157,0.003,0.0,-0.004,0.003
2018-01-01 20:27:00-06:00,1.38,0.001,0.004,0.217,0.002,0.13,0.029,0.03,1.93,0.002,0.038,0.003,0.001,0.797,0.093,0.006,1.106,0.008,0.039,0.003,0.0,-0.004,0.001
2018-01-01 20:28:00-06:00,1.341,0.001,0.004,0.217,0.002,0.13,0.029,0.03,1.89,0.002,0.038,0.003,0.001,0.796,0.093,0.006,0.766,0.009,0.001,0.003,0.0,-0.005,0.0
2018-01-01 20:29:00-06:00,1.357,0.002,0.004,0.217,0.002,0.13,0.029,0.029,1.848,0.001,0.038,0.003,0.001,0.795,0.095,0.006,0.75,0.008,0.001,0.003,0.0,-0.005,0.0
2018-01-01 20:30:00-06:00,1.396,0.002,0.004,0.217,0.002,0.13,0.029,0.029,1.862,0.001,0.038,0.003,0.001,0.794,0.095,0.006,0.752,0.008,0.001,0.003,0.0,-0.005,0.0
2018-01-01 20:31:00-06:00,1.414,0.002,0.004,0.217,0.002,0.13,0.029,0.029,1.926,0.001,0.038,0.003,0.001,0.793,0.091,0.006,0.733,0.008,0.001,0.003,0.0,-0.005,0.0
2018-01-01 20:32:00-06:00,1.332,0.002,0.004,0.217,0.002,0.13,0.029,0.03,1.934,0.002,0.038,0.003,0.001,0.793,0.01,0.006,0.754,0.009,0.001,0.003,0.0,-0.005,0.0
2018-01-01 20:33:00-06:00,1.269,0.002,0.004,0.217,0.002,0.129,0.029,0.03,1.924,0.002,0.038,0.003,0.001,0.792,0.007,0.006,0.758,0.008,0.001,0.003,0.0,-0.005,0.0
2018-01-01 20:34:00-06:00,1.259,0.002,0.004,0.217,0.002,0.13,0.018,0.019,1.92,0.002,0.038,0.003,0.001,0.791,0.007,0.006,0.753,0.008,0.001,0.003,0.0,-0.005,0.0
2018-01-01 20:35:00-06:00,1.24,0.002,0.004,0.216,0.002,0.129,0.001,0.002,1.931,0.002,0.038,0.003,0.001,0.792,0.007,0.006,0.758,0.009,0.003,0.003,0.0,-0.005,0.0
2018-01-01 20:36:00-06:00,1.216,0.002,0.004,0.216,0.002,0.13,0.001,0.001,2.146,0.001,0.039,0.003,0.001,0.791,0.007,0.006,0.779,0.008,0.008,0.003,0.0,-0.005,0.0
2018-01-01 20:37:00-06:00,1.297,0.002,0.004,0.216,0.002,0.129,0.001,0.002,2.171,0.001,0.039,0.003,0.001,0.791,0.009,0.006,0.849,0.008,0.008,0.003,0.0,-0.005,0.0
2018-01-01 20:38:00-06:00,1.438,0.002,0.004,0.216,0.002,0.129,0.001,0.002,2.165,0.001,0.039,0.003,0.001,0.79,0.007,0.006,0.85,0.008,0.008,0.003,0.0,-0.005,0.0
2018-01-01 20:39:00-06:00,1.59,0.002,0.003,0.216,0.002,0.129,0.001,0.001,2.147,0.001,0.039,0.003,0.001,0.79,0.007,0.006,0.849,0.008,0.008,0.003,0.0,-0.005,0.0
2018-01-01 20:40:00-06:00,1.57,0.002,0.003,0.216,0.002,0.129,0.001,0.001,2.153,0.001,0.039,0.003,0.001,0.79,0.007,0.006,0.853,0.008,0.008,0.003,0.0,-0.005,0.0
2018-01-01 20:41:00-06:00,1.504,0.002,0.004,0.216,0.002,0.129,0.001,0.002,2.146,0.001,0.039,0.003,0.001,0.789,0.007,0.006,0.83,0.008,0.008,0.003,0.0,-0.005,0.0
2018-01-01 20:42:00-06:00,1.42,0.002,0.004,0.216,0.002,0.13,0.001,0.002,2.112,0.001,0.039,0.003,0.001,0.789,0.009,0.006,0.896,0.008,0.008,0.003,0.0,-0.005,0.001
2018-01-01 20:43:00-06:00,1.424,0.002,0.004,0.216,0.002,0.129,0.009,0.01,2.104,0.001,0.039,0.003,0.001,0.789,0.006,0.006,1.272,0.007,0.009,0.003,0.0,-0.004,0.002
2018-01-01 20:44:00-06:00,1.473,0.002,0.004,0.216,0.002,0.129,0.029,0.03,2.123,0.001,0.039,0.003,0.001,0.788,0.004,0.006,1.438,0.007,0.009,0.003,0.0,-0.004,0.003
2018-01-01 20:45:00-06:00,1.469,0.002,0.004,0.217,0.002,0.129,0.029,0.029,2.135,0.001,0.039,0.003,0.001,0.789,0.004,0.006,1.53,0.007,0.19,0.003,0.0,-0.004,0.003
2018-01-01 20:46:00-06:00,1.435,0.002,0.004,0.217,0.002,0.133,0.029,0.03,2.127,0.001,0.039,0.003,0.001,0.789,0.004,0.006,1.723,0.006,0.395,0.004,0.0,-0.004,0.003
2018-01-01 20:47:00-06:00,1.574,0.001,0.004,0.217,0.002,0.13,0.029,0.03,2.125,0.001,0.039,0.003,0.001,0.788,0.005,0.006,1.743,0.006,0.389,0.004,0.0,-0.004,0.003
2018-01-01 20:48:00-06:00,1.637,0.001,0.003,0.217,0.002,0.13,0.029,0.03,2.016,0.001,0.039,0.003,0.001,0.705,0.003,0.006,1.179,0.007,0.384,0.003,0.0,-0.004,0.001
2018-01-01 20:49:00-06:00,1.737,0.001,0.003,0.217,0.002,0.13,0.029,0.03,2.012,0.001,0.039,0.003,0.001,0.712,0.059,0.006,0.944,0.008,0.209,0.003,0.0,-0.005,0.001
2018-01-01 20:50:00-06:00,1.678,0.001,0.004,0.217,0.002,0.13,0.029,0.029,2.023,0.001,0.039,0.003,0.001,0.717,0.064,0.006,0.912,0.008,0.172,0.003,0.0,-0.005,0.0
2018-01-01 20:51:00-06:00,1.68,0.001,0.004,0.217,0.002,0.13,0.029,0.03,2.054,0.001,0.039,0.003,0.001,0.72,0.084,0.006,0.915,0.008,0.17,0.003,0.0,-0.005,0.0
2018-01-01 20:52:00-06:00,1.66,0.001,0.004,0.218,0.002,0.13,0.007,0.007,2.086,0.001,0.039,0.003,0.001,0.721,0.112,0.006,0.906,0.008,0.169,0.003,0.0,-0.005,0.0
2018-01-01 20:53:00-06:00,1.674,0.001,0.004,0.218,0.002,0.132,0.001,0.002,2.052,0.001,0.039,0.003,0.001,0.723,0.102,0.006,0.897,0.008,0.168,0.003,0.0,-0.005,0.0
2018-01-01 20:54:00-06:00,1.687,0.001,0.004,0.218,0.002,0.131,0.019,0.02,2.002,0.001,0.039,0.003,0.0,0.725,0.105,0.006,0.896,0.008,0.167,0.003,0.0,-0.005,0.0
2018-01-01 20:55:00-06:00,1.697,0.001,0.004,0.218,0.002,0.13,0.029,0.029,1.991,0.001,0.039,0.003,0.0,0.726,0.102,0.006,0.897,0.008,0.166,0.003,0.0,-0.005,0.0
2018-01-01 20:56:00-06:00,1.665,0.001,0.004,0.218,0.002,0.13,0.029,0.029,1.99,0.001,0.039,0.003,0.0,0.727,0.098,0.006,0.899,0.008,0.166,0.003,0.0,-0.005,0.0
2018-01-01 20:57:00-06:00,1.605,0.002,0.004,0.218,0.002,0.13,0.029,0.03,1.991,0.001,0.039,0.003,0.0,0.728,0.097,0.006,0.896,0.008,0.163,0.003,0.0,-0.005,0.0
2018-01-01 20:58:00-06:00,1.642,0.002,0.004,0.218,0.002,0.13,0.029,0.03,1.988,0.001,0.039,0.003,0.0,0.729,0.093,0.006,0.895,0.008,0.161,0.003,0.0,-0.005,0.0
2018-01-01 20:59:00-06:00,1.789,0.003,0.004,0.218,0.002,0.129,0.029,0.03,1.993,0.001,0.039,0.003,0.0,0.73,0.094,0.006,0.873,0.008,0.16,0.003,0.0,-0.005,0.001
2018-01-01 21:00:00-06:00,1.644,0.002,0.004,0.218,0.002,0.13,0.029,0.03,1.993,0.001,0.039,0.003,0.0,0.73,0.09,0.006,0.97,0.008,0.159,0.003,0.0,-0.004,0.001
2018-01-01 21:01:00-06:00,1.55,0.002,0.004,0.218,0.002,0.13,0.029,0.03,1.989,0.001,0.039,0.003,0.0,0.731,0.089,0.006,1.484,0.007,0.159,0.003,0.0,-0.004,0.003
2018-01-01 21:02:00-06:00,1.455,0.002,0.004,0.218,0.002,0.13,0.029,0.03,1.982,0.001,0.039,0.003,0.0,0.731,0.088,0.006,1.49,0.007,0.158,0.003,0.0,-0.004,0.003
2018-01-01 21:03:00-06:00,1.312,0.002,0.004,0.218,0.002,0.13,0.029,0.03,1.792,0.001,0.038,0.003,0.001,0.732,0.088,0.006,1.463,0.007,0.158,0.003,0.0,-0.004,0.003
2018-01-01 21:04:00-06:00,1.188,0.002,0.004,0.218,0.002,0.13,0.029,0.03,1.777,0.001,0.038,0.003,0.001,0.732,0.089,0.006,1.465,0.007,0.157,0.003,0.0,-0.004,0.003
2018-01-01 21:05:00-06:00,1.208,0.002,0.005,0.218,0.002,0.131,0.029,0.03,1.726,0.001,0.038,0.003,0.001,0.733,0.037,0.006,1.328,0.007,0.156,0.003,0.0,-0.004,0.003
2018-01-01 21:06:00-06:00,1.196,0.002,0.004,0.218,0.002,0.13,0.029,0.03,1.725,0.001,0.038,0.003,0.001,0.733,0.033,0.006,0.848,0.008,0.154,0.003,0.0,-0.005,0.001
2018-01-01 21:07:00-06:00,1.171,0.002,0.004,0.218,0.002,0.13,0.029,0.03,1.729,0.001,0.038,0.003,0.001,0.733,0.039,0.006,0.83,0.008,0.154,0.003,0.0,-0.005,0.001
2018-01-01 21:08:00-06:00,1.186,0.002,0.004,0.218,0.002,0.13,0.029,0.03,1.733,0.001,0.038,0.003,0.001,0.733,0.043,0.006,0.691,0.008,0.037,0.003,0.0,-0.005,0.0
2018-01-01 21:09:00-06:00,1.187,0.002,0.004,0.217,0.002,0.13,0.029,0.03,1.734,0.001,0.038,0.003,0.001,0.733,0.043,0.006,0.656,0.008,0.001,0.003,0.0,-0.005,0.0
2018-01-01 21:10:00-06:00,1.226,0.002,0.004,0.217,0.002,0.13,0.029,0.03,1.736,0.001,0.038,0.003,0.001,0.734,0.045,0.006,0.681,0.008,0.001,0.003,0.0,-0.005,0.0
2018-01-01 21:11:00-06:00,1.299,0.002,0.005,0.217,0.002,0.13,0.029,0.03,1.735,0.001,0.038,0.003,0.001,0.735,0.044,0.006,0.68,0.008,0.001,0.003,0.0,-0.005,0.0
2018-01-01 21:12:00-06:00,1.498,0.002,0.004,0.217,0.002,0.13,0.029,0.03,1.735,0.001,0.038,0.003,0.001,0.735,0.044,0.006,1.489,0.007,0.41,0.004,0.0,-0.004,0.002
2018-01-01 21:13:00-06:00,1.479,0.002,0.004,0.217,0.002,0.13,0.029,0.03,1.736,0.001,0.038,0.003,0.001,0.735,0.043,0.006,2.649,0.004,0.516,0.006,0.001,-0.003,0.004
2018-01-01 21:14:00-06:00,1.447,0.002,0.004,0.217,0.002,0.13,0.029,0.03,1.737,0.001,0.038,0.003,0.001,0.735,0.043,0.006,1.32,0.007,0.514,0.004,0.0,-0.004,0.001
2018-01-01 21:15:00-06:00,1.447,0.002,0.004,0.217,0.002,0.13,0.029,0.03,1.738,0.001,0.038,0.003,0.001,0.735,0.045,0.006,1.156,0.007,0.512,0.004,0.0,-0.004,0.001
2018-01-01 21:16:00-06:00,1.431,0.002,0.005,0.217,0.002,0.133,0.029,0.03,1.735,0.001,0.038,0.003,0.001,0.735,0.043,0.006,1.151,0.007,0.511,0.004,0.0,-0.004,0.001
2018-01-01 21:17:00-06:00,1.416,0.002,0.004,0.217,0.002,0.128,0.029,0.03,1.735,0.001,0.038,0.003,0.001,0.735,0.043,0.006,1.169,0.007,0.512,0.004,0.0,-0.004,0.001
2018-01-01 21:18:00-06:00,1.457,0.002,0.004,0.217,0.002,0.129,0.029,0.03,1.736,0.001,0.038,0.003,0.001,0.735,0.043,0.006,1.433,0.007,0.512,0.004,0.0,-0.004,0.002
2018-01-01 21:19:00-06:00,1.581,0.001,0.004,0.218,0.002,0.152,0.029,0.03,1.743,0.001,0.038,0.003,0.001,0.736,0.043,0.006,1.775,0.006,0.513,0.004,0.0,-0.004,0.004
2018-01-01 21:20:00-06:00,1.638,0.001,0.004,0.218,0.002,0.142,0.029,0.03,1.747,0.001,0.038,0.003,0.001,0.736,0.044,0.006,1.766,0.006,0.513,0.004,0.0,-0.004,0.004
2018-01-01 21:21:00-06:00,1.626,0.001,0.004,0.218,0.002,0.127,0.029,0.03,1.736,0.001,0.038,0.003,0.001,0.736,0.042,0.006,1.759,0.006,0.513,0.004,0.0,-0.004,0.004
2018-01-01 21:22:00-06:00,1.629,0.001,0.004,0.218,0.002,0.134,0.029,0.03,1.736,0.001,0.038,0.003,0.001,0.736,0.042,0.006,1.754,0.006,0.512,0.004,0.0,-0.003,0.004
2018-01-01 21:23:00-06:00,1.63,0.001,0.004,0.218,0.002,0.134,0.029,0.03,1.754,0.001,0.038,0.003,0.001,0.737,0.061,0.006,1.744,0.006,0.512,0.004,0.0,-0.003,0.004
2018-01-01 21:24:00-06:00,1.63,0.001,0.004,0.218,0.002,0.134,0.029,0.03,1.789,0.001,0.038,0.003,0.001,0.737,0.094,0.006,1.766,0.006,0.512,0.004,0.0,-0.004,0.004
2018-01-01 21:25:00-06:00,1.538,0.001,0.004,0.218,0.002,0.134,0.029,0.03,1.791,0.001,0.038,0.003,0.001,0.737,0.096,0.006,1.424,0.007,0.513,0.004,0.0,-0.004,0.002
2018-01-01 21:26:00-06:00,1.441,0.002,0.004,0.218,0.002,0.133,0.029,0.03,1.772,0.001,0.038,0.003,0.001,0.737,0.078,0.006,1.161,0.007,0.513,0.004,0.0,-0.004,0.001
2018-01-01 21:27:00-06:00,1.185,0.002,0.005,0.218,0.002,0.133,0.029,0.03,1.565,0.001,0.038,0.003,0.001,0.534,0.072,0.006,1.16,0.007,0.514,0.004,0.0,-0.004,0.001
2018-01-01 21:28:00-06:00,1.165,0.002,0.005,0.218,0.002,0.133,0.029,0.03,1.668,0.001,0.038,0.003,0.001,0.638,0.071,0.006,1.156,0.007,0.514,0.004,0.0,-0.004,0.001
2018-01-01 21:29:00-06:00,1.164,0.002,0.004,0.218,0.002,0.133,0.029,0.03,1.845,0.001,0.038,0.003,0.001,0.815,0.073,0.006,0.722,0.008,0.076,0.003,0.0,-0.005,0.0
2018-01-01 21:30:00-06:00,1.164,0.002,0.004,0.218,0.002,0.132,0.029,0.03,1.836,0.001,0.038,0.003,0.001,0.809,0.068,0.006,0.647,0.008,0.002,0.003,0.0,-0.005,0.0
2018-01-01 21:31:00-06:00,1.164,0.002,0.004,0.218,0.002,0.132,0.029,0.03,1.831,0.001,0.038,0.003,0.001,0.805,0.07,0.006,0.645,0.008,0.002,0.003,0.0,-0.005,0.0
2018-01-01 21:32:00-06:00,1.212,0.004,0.004,0.218,0.002,0.133,0.029,0.03,1.83,0.001,0.038,0.003,0.001,0.803,0.071,0.006,0.648,0.008,0.002,0.003,0.0,-0.005,0.0
2018-01-01 21:33:00-06:00,1.237,0.019,0.004,0.218,0.002,0.133,0.03,0.03,1.824,0.001,0.038,0.003,0.001,0.801,0.068,0.006,0.821,0.008,0.174,0.003,0.0,-0.005,0.001
2018-01-01 21:34:00-06:00,1.339,0.056,0.004,0.218,0.002,0.133,0.029,0.03,1.824,0.001,0.038,0.003,0.001,0.799,0.068,0.006,0.836,0.008,0.196,0.003,0.0,-0.005,0.001
2018-01-01 21:35:00-06:00,1.581,0.035,0.004,0.217,0.002,0.132,0.03,0.03,1.821,0.001,0.038,0.003,0.001,0.798,0.068,0.006,0.818,0.008,0.197,0.003,0.0,-0.005,0.001
2018-01-01 21:36:00-06:00,1.49,0.034,0.004,0.218,0.002,0.133,0.029,0.03,1.818,0.001,0.038,0.003,0.001,0.796,0.068,0.006,0.811,0.008,0.199,0.003,0.0,-0.005,0.001
2018-01-01 21:37:00-06:00,1.477,0.034,0.004,0.217,0.002,0.133,0.03,0.03,1.814,0.001,0.038,0.003,0.001,0.795,0.067,0.006,0.802,0.008,0.197,0.003,0.0,-0.005,0.001
2018-01-01 21:38:00-06:00,1.475,0.035,0.004,0.217,0.002,0.132,0.03,0.03,1.818,0.001,0.038,0.003,0.001,0.794,0.068,0.006,0.791,0.008,0.191,0.003,0.0,-0.005,0.001
2018-01-01 21:39:00-06:00,1.507,0.017,0.005,0.217,0.002,0.132,0.03,0.03,1.838,0.001,0.038,0.003,0.001,0.794,0.068,0.006,0.856,0.008,0.188,0.003,0.0,-0.005,0.001
2018-01-01 21:40:00-06:00,1.506,0.018,0.004,0.217,0.002,0.133,0.03,0.03,1.843,0.001,0.038,0.003,0.001,0.793,0.066,0.006,1.222,0.007,0.187,0.003,0.0,-0.004,0.002
2018-01-01 21:41:00-06:00,1.477,0.034,0.005,0.217,0.002,0.132,0.03,0.03,1.84,0.001,0.038,0.003,0.001,0.793,0.066,0.006,1.402,0.007,0.185,0.003,0.0,-0.004,0.003
2018-01-01 21:42:00-06:00,1.497,0.063,0.004,0.218,0.002,0.132,0.03,0.03,1.836,0.001,0.038,0.003,0.001,0.793,0.066,0.006,1.398,0.007,0.183,0.003,0.0,-0.004,0.003
2018-01-01 21:43:00-06:00,1.482,0.053,0.005,0.217,0.002,0.131,0.025,0.026,1.825,0.001,0.038,0.003,0.001,0.793,0.066,0.006,1.394,0.007,0.182,0.003,0.0,-0.004,0.003
2018-01-01 21:44:00-06:00,1.521,0.061,0.004,0.217,0.002,0.13,0.001,0.001,1.825,0.001,0.038,0.003,0.001,0.793,0.067,0.006,1.391,0.007,0.18,0.003,0.0,-0.004,0.003
2018-01-01 21:45:00-06:00,1.53,0.052,0.004,0.217,0.002,0.13,0.001,0.002,1.794,0.001,0.038,0.003,0.001,0.792,0.034,0.006,1.384,0.007,0.179,0.003,0.0,-0.004,0.003
2018-01-01 21:46:00-06:00,1.38,0.043,0.003,0.217,0.002,0.129,0.001,0.001,1.767,0.002,0.038,0.003,0.001,0.792,0.008,0.006,1.403,0.007,0.178,0.003,0.0,-0.004,0.003
2018-01-01 21:47:00-06:00,1.333,0.019,0.003,0.217,0.002,0.129,0.01,0.01,1.767,0.002,0.038,0.003,0.001,0.791,0.007,0.006,0.86,0.008,0.175,0.003,0.0,-0.005,0.001
2018-01-01 21:48:00-06:00,1.361,0.014,0.003,0.217,0.002,0.128,0.028,0.028,1.765,0.002,0.038,0.003,0.001,0.791,0.007,0.006,0.789,0.008,0.174,0.003,0.0,-0.005,0.001
2018-01-01 21:49:00-06:00,1.912,0.636,0.002,0.218,0.003,0.13,0.027,0.028,1.765,0.002,0.038,0.003,0.001,0.791,0.007,0.006,0.781,0.008,0.173,0.003,0.0,-0.005,0.001
2018-01-01 21:50:00-06:00,2.021,0.839,0.002,0.215,0.004,0.13,0.027,0.028,1.763,0.002,0.038,0.003,0.001,0.79,0.006,0.006,0.776,0.008,0.173,0.003,0.0,-0.005,0.001
2018-01-01 21:51:00-06:00,1.797,0.864,0.002,0.174,0.003,0.129,0.015,0.016,1.732,0.002,0.038,0.003,0.001,0.76,0.005,0.006,0.777,0.008,0.172,0.003,0.0,-0.005,0.001
2018-01-01 21:52:00-06:00,1.815,0.864,0.002,0.174,0.003,0.13,0.0,0.002,1.64,0.002,0.038,0.003,0.001,0.709,0.005,0.006,0.777,0.008,0.171,0.003,0.0,-0.005,0.001
2018-01-01 21:53:00-06:00,1.814,0.865,0.002,0.174,0.003,0.129,0.0,0.002,1.56,0.002,0.038,0.003,0.001,0.716,0.004,0.006,0.78,0.008,0.171,0.003,0.0,-0.005,0.001
2018-01-01 21:54:00-06:00,1.78,0.865,0.002,0.174,0.003,0.129,0.0,0.002,1.577,0.002,0.038,0.003,0.001,0.721,0.016,0.006,0.776,0.008,0.17,0.003,0.0,-0.005,0.001
2018-01-01 21:55:00-06:00,1.645,0.864,0.002,0.174,0.003,0.129,0.0,0.001,1.575,0.002,0.038,0.003,0.001,0.723,0.009,0.006,0.773,0.008,0.17,0.003,0.0,-0.005,0.001
2018-01-01 21:56:00-06:00,1.642,0.86,0.002,0.174,0.003,0.129,0.0,0.001,1.572,0.002,0.038,0.003,0.001,0.725,0.005,0.006,0.77,0.008,0.169,0.003,0.0,-0.005,0.001
2018-01-01 21:57:00-06:00,1.651,0.859,0.002,0.174,0.003,0.129,0.0,0.002,1.571,0.002,0.038,0.003,0.001,0.726,0.004,0.006,0.769,0.008,0.169,0.003,0.0,-0.005,0.001
2018-01-01 21:58:00-06:00,1.65,0.86,0.002,0.174,0.003,0.135,0.0,0.001,1.571,0.002,0.038,0.003,0.001,0.727,0.004,0.006,0.747,0.008,0.168,0.003,0.0,-0.005,0.001
2018-01-01 21:59:00-06:00,1.705,0.85,0.002,0.174,0.003,0.135,0.0,0.001,1.576,0.002,0.038,0.003,0.001,0.728,0.004,0.006,0.696,0.008,0.168,0.003,0.0,-0.005,0.001
2018-01-01 22:00:00-06:00,2.563,0.861,0.803,0.174,0.003,0.134,0.0,0.002,1.577,0.002,0.038,0.003,0.001,0.729,0.005,0.006,0.713,0.008,0.168,0.003,0.0,-0.005,0.001
2018-01-01 22:01:00-06:00,4.033,0.853,2.188,0.174,0.003,0.134,0.0,0.002,1.579,0.002,0.038,0.003,0.001,0.731,0.003,0.006,0.966,0.007,0.168,0.003,0.0,-0.004,0.002
2018-01-01 22:02:00-06:00,3.568,0.853,1.854,0.118,0.003,0.133,0.0,0.001,1.636,0.002,0.038,0.003,0.001,0.731,0.057,0.006,1.309,0.007,0.165,0.003,0.0,-0.004,0.003
2018-01-01 22:03:00-06:00,3.224,0.854,1.451,0.109,0.003,0.194,0.0,0.001,1.631,0.002,0.038,0.003,0.001,0.732,0.056,0.006,1.303,0.007,0.163,0.003,0.0,-0.004,0.003
2018-01-01 22:04:00-06:00,4.226,0.84,2.459,0.11,0.003,0.216,0.0,0.002,1.644,0.002,0.038,0.003,0.001,0.732,0.066,0.006,1.28,0.006,0.162,0.003,0.0,-0.004,0.003
2018-01-01 22:05:00-06:00,4.158,0.853,2.439,0.036,0.003,0.227,0.0,0.002,1.655,0.002,0.038,0.003,0.001,0.733,0.071,0.006,1.273,0.007,0.161,0.003,0.0,-0.004,0.003
2018-01-01 22:06:00-06:00,4.198,0.853,2.436,0.003,0.003,0.274,0.0,0.002,1.678,0.002,0.038,0.003,0.001,0.733,0.069,0.006,1.262,0.007,0.161,0.003,0.0,-0.004,0.003
2018-01-01 22:07:00-06:00,4.247,0.851,2.434,0.003,0.003,0.307,0.0,0.001,1.621,0.002,0.038,0.003,0.001,0.734,0.072,0.006,1.285,0.007,0.16,0.003,0.0,-0.004,0.003
2018-01-01 22:08:00-06:00,4.223,0.85,2.432,0.003,0.003,0.306,0.0,0.002,1.55,0.002,0.038,0.003,0.001,0.734,0.075,0.006,0.91,0.007,0.158,0.003,0.0,-0.004,0.002
2018-01-01 22:09:00-06:00,4.249,0.842,2.431,0.003,0.003,0.306,0.0,0.001,1.546,0.002,0.038,0.003,0.001,0.735,0.069,0.006,0.634,0.008,0.157,0.003,0.0,-0.005,0.001
2018-01-01 22:10:00-06:00,3.985,0.856,2.115,0.003,0.003,0.305,0.0,0.001,1.549,0.002,0.038,0.003,0.001,0.735,0.072,0.006,0.665,0.008,0.114,0.003,0.0,-0.005,0.001
2018-01-01 22:11:00-06:00,2.186,0.859,0.216,0.003,0.003,0.306,0.0,0.002,1.542,0.002,0.038,0.003,0.001,0.734,0.068,0.006,1.108,0.007,0.001,0.004,0.0,-0.004,0.002
2018-01-01 22:12:00-06:00,2.072,0.857,0.001,0.002,0.003,0.306,0.0,0.002,1.544,0.002,0.038,0.003,0.001,0.734,0.069,0.006,1.666,0.006,0.002,0.005,0.001,-0.004,0.003
2018-01-01 22:13:00-06:00,1.904,0.856,0.001,0.003,0.003,0.305,0.0,0.001,1.53,0.002,0.038,0.003,0.001,0.735,0.066,0.006,0.509,0.008,0.001,0.003,0.0,-0.005,0.001
2018-01-01 22:14:00-06:00,1.826,0.847,0.001,0.003,0.003,0.305,0.0,0.001,1.508,0.002,0.038,0.003,0.001,0.735,0.066,0.006,0.485,0.008,0.001,0.003,0.0,-0.005,0.001
2018-01-01 22:15:00-06:00,1.675,0.861,0.001,0.003,0.003,0.306,0.0,0.001,1.505,0.002,0.038,0.003,0.0,0.736,0.065,0.006,0.448,0.008,0.008,0.003,0.0,-0.005,0.001
2018-01-01 22:16:00-06:00,0.936,0.195,0.002,0.002,0.002,0.307,0.015,0.015,1.502,0.002,0.038,0.003,0.0,0.736,0.065,0.006,0.417,0.008,0.006,0.003,0.0,-0.005,0.001
2018-01-01 22:17:00-06:00,0.799,0.062,0.002,0.002,0.002,0.229,0.028,0.028,1.506,0.002,0.038,0.003,0.0,0.736,0.066,0.006,0.413,0.008,0.001,0.003,0.0,-0.005,0.001
2018-01-01 22:18:00-06:00,0.874,0.062,0.002,0.002,0.002,0.236,0.028,0.029,1.504,0.002,0.038,0.003,0.0,0.736,0.064,0.006,0.445,0.008,0.002,0.003,0.0,-0.005,0.001
2018-01-01 22:19:00-06:00,0.87,0.053,0.002,0.002,0.002,0.249,0.028,0.029,1.504,0.002,0.038,0.003,0.0,0.736,0.067,0.006,0.57,0.008,0.001,0.003,0.0,-0.005,0.001
2018-01-01 22:20:00-06:00,0.897,0.064,0.002,0.002,0.002,0.248,0.028,0.029,1.504,0.002,0.038,0.003,0.001,0.737,0.064,0.006,0.583,0.008,0.001,0.003,0.0,-0.005,0.001
2018-01-01 22:21:00-06:00,0.894,0.062,0.002,0.002,0.002,0.245,0.003,0.004,1.509,0.002,0.038,0.003,0.001,0.737,0.064,0.006,0.596,0.008,0.002,0.003,0.0,-0.005,0.001
2018-01-01 22:22:00-06:00,0.874,0.062,0.002,0.002,0.002,0.244,0.001,0.001,1.51,0.002,0.038,0.003,0.001,0.737,0.065,0.006,0.839,0.007,0.002,0.003,0.0,-0.004,0.002
2018-01-01 22:23:00-06:00,0.878,0.063,0.002,0.002,0.002,0.243,0.001,0.001,1.509,0.002,0.038,0.003,0.0,0.737,0.063,0.006,1.166,0.006,0.002,0.003,0.0,-0.004,0.003
2018-01-01 22:24:00-06:00,0.812,0.054,0.002,0.002,0.002,0.242,0.001,0.001,1.524,0.002,0.038,0.003,0.0,0.737,0.078,0.006,1.164,0.006,0.005,0.003,0.0,-0.004,0.003
2018-01-01 22:25:00-06:00,1.479,0.577,0.001,0.002,0.003,0.242,0.0,0.001,1.536,0.001,0.038,0.003,0.0,0.738,0.091,0.006,1.221,0.006,0.065,0.003,0.0,-0.004,0.004
2018-01-01 22:26:00-06:00,1.747,0.861,0.001,0.003,0.003,0.239,0.0,0.002,1.539,0.002,0.038,0.003,0.0,0.739,0.093,0.006,1.337,0.006,0.185,0.003,0.0,-0.004,0.004
2018-01-01 22:27:00-06:00,1.744,0.858,0.001,0.003,0.003,0.217,0.0,0.001,1.134,0.002,0.038,0.003,0.001,0.366,0.06,0.006,1.239,0.006,0.175,0.003,0.0,-0.004,0.004
2018-01-01 22:28:00-06:00,1.772,0.859,0.001,0.003,0.003,0.217,0.0,0.001,1.586,0.002,0.038,0.003,0.0,0.835,0.043,0.006,1.234,0.006,0.174,0.003,0.0,-0.004,0.004
2018-01-01 22:29:00-06:00,1.753,0.85,0.001,0.002,0.003,0.216,0.007,0.009,1.566,0.002,0.038,0.003,0.0,0.814,0.043,0.006,1.087,0.007,0.173,0.003,0.0,-0.004,0.003
2018-01-01 22:30:00-06:00,1.744,0.863,0.001,0.003,0.003,0.217,0.017,0.018,1.563,0.002,0.038,0.003,0.0,0.809,0.043,0.006,0.599,0.008,0.171,0.003,0.0,-0.005,0.001
2018-01-01 22:31:00-06:00,1.327,0.446,0.002,0.002,0.003,0.215,0.0,0.001,1.559,0.002,0.038,0.003,0.0,0.805,0.043,0.006,0.609,0.008,0.17,0.003,0.0,-0.005,0.001
2018-01-01 22:32:00-06:00,0.962,0.063,0.002,0.002,0.002,0.215,0.001,0.001,1.555,0.002,0.038,0.003,0.0,0.803,0.045,0.006,0.606,0.008,0.169,0.003,0.0,-0.005,0.001
2018-01-01 22:33:00-06:00,1.035,0.063,0.002,0.002,0.002,0.216,0.001,0.001,1.553,0.002,0.038,0.003,0.001,0.802,0.043,0.006,0.596,0.008,0.168,0.003,0.0,-0.005,0.001
2018-01-01 22:34:00-06:00,1.052,0.033,0.002,0.002,0.002,0.215,0.001,0.001,1.553,0.002,0.038,0.003,0.001,0.8,0.043,0.006,0.616,0.008,0.167,0.003,0.0,-0.005,0.001
2018-01-01 22:35:00-06:00,1.074,0.024,0.002,0.002,0.002,0.214,0.001,0.001,1.549,0.002,0.038,0.003,0.001,0.799,0.043,0.006,0.608,0.008,0.167,0.003,0.0,-0.005,0.001
2018-01-01 22:36:00-06:00,1.047,0.012,0.002,0.002,0.002,0.214,0.001,0.001,1.547,0.002,0.038,0.003,0.0,0.798,0.043,0.006,0.598,0.008,0.166,0.003,0.0,-0.005,0.001
2018-01-01 22:37:00-06:00,0.958,0.059,0.002,0.002,0.002,0.213,0.001,0.001,1.55,0.002,0.038,0.003,0.001,0.797,0.045,0.006,0.628,0.008,0.166,0.003,0.0,-0.005,0.001
2018-01-01 22:38:00-06:00,0.903,0.062,0.002,0.002,0.002,0.213,0.001,0.001,1.548,0.002,0.038,0.003,0.001,0.796,0.043,0.006,0.645,0.008,0.165,0.003,0.0,-0.005,0.001
2018-01-01 22:39:00-06:00,0.7,0.062,0.002,0.002,0.002,0.212,0.001,0.001,1.546,0.002,0.038,0.003,0.001,0.796,0.043,0.006,0.604,0.008,0.166,0.003,0.0,-0.005,0.001
2018-01-01 22:40:00-06:00,0.7,0.06,0.002,0.002,0.002,0.213,0.001,0.001,1.545,0.002,0.038,0.003,0.0,0.795,0.043,0.006,0.524,0.008,0.162,0.003,0.0,-0.005,0.001
2018-01-01 22:41:00-06:00,0.71,0.062,0.002,0.002,0.002,0.215,0.001,0.001,1.544,0.002,0.038,0.003,0.001,0.795,0.043,0.006,0.508,0.008,0.16,0.003,0.0,-0.005,0.001
2018-01-01 22:42:00-06:00,0.75,0.062,0.002,0.002,0.002,0.214,0.001,0.001,1.544,0.002,0.038,0.003,0.001,0.794,0.043,0.006,0.513,0.008,0.159,0.003,0.0,-0.005,0.001
2018-01-01 22:43:00-06:00,0.738,0.053,0.002,0.002,0.002,0.214,0.001,0.001,1.543,0.002,0.038,0.003,0.001,0.794,0.041,0.006,0.766,0.007,0.159,0.003,0.0,-0.004,0.002
2018-01-01 22:44:00-06:00,0.703,0.062,0.002,0.002,0.002,0.213,0.001,0.001,1.549,0.002,0.038,0.003,0.0,0.793,0.048,0.006,1.112,0.006,0.159,0.003,0.0,-0.004,0.004
2018-01-01 22:45:00-06:00,0.727,0.062,0.002,0.002,0.002,0.215,0.001,0.001,1.597,0.001,0.038,0.003,0.0,0.793,0.097,0.006,1.068,0.007,0.115,0.003,0.0,-0.004,0.004
2018-01-01 22:46:00-06:00,0.876,0.06,0.001,0.002,0.002,0.214,0.001,0.002,1.591,0.002,0.038,0.003,0.0,0.793,0.093,0.006,0.94,0.007,0.002,0.003,0.0,-0.004,0.004
2018-01-01 22:47:00-06:00,0.912,0.06,0.001,0.002,0.002,0.215,0.001,0.001,1.646,0.001,0.038,0.003,0.0,0.792,0.147,0.006,0.895,0.007,0.002,0.003,0.0,-0.004,0.004
2018-01-01 22:48:00-06:00,0.85,0.061,0.002,0.002,0.002,0.215,0.001,0.001,1.676,0.001,0.038,0.003,0.0,0.792,0.18,0.006,0.881,0.007,0.002,0.003,0.0,-0.004,0.004
2018-01-01 22:49:00-06:00,1.065,0.02,0.002,0.002,0.002,0.214,0.001,0.001,1.655,0.001,0.038,0.003,0.0,0.792,0.159,0.006,0.892,0.007,0.002,0.003,0.0,-0.004,0.004
2018-01-01 22:50:00-06:00,1.081,0.021,0.002,0.002,0.002,0.214,0.001,0.001,1.605,0.001,0.038,0.003,0.0,0.739,0.161,0.006,0.775,0.007,0.002,0.003,0.0,-0.004,0.003
2018-01-01 22:51:00-06:00,1.157,0.157,0.002,0.002,0.002,0.214,0.0,0.001,1.483,0.002,0.038,0.003,0.0,0.712,0.067,0.006,0.29,0.008,0.002,0.003,0.0,-0.005,0.001
2018-01-01 22:52:00-06:00,1.844,0.873,0.001,0.003,0.004,0.214,0.0,0.001,1.433,0.002,0.038,0.003,0.001,0.718,0.007,0.006,0.289,0.008,0.002,0.003,0.0,-0.005,0.001
2018-01-01 22:53:00-06:00,1.73,0.855,0.001,0.003,0.003,0.214,0.0,0.001,1.454,0.002,0.038,0.003,0.0,0.722,0.053,0.006,0.288,0.008,0.002,0.003,0.0,-0.005,0.001
2018-01-01 22:54:00-06:00,1.726,0.868,0.001,0.003,0.003,0.214,0.0,0.001,1.46,0.002,0.038,0.003,0.0,0.724,0.057,0.006,0.288,0.008,0.002,0.003,0.0,-0.005,0.001
2018-01-01 22:55:00-06:00,1.711,0.853,0.001,0.003,0.003,0.214,0.0,0.001,1.473,0.002,0.038,0.003,0.0,0.726,0.067,0.006,0.288,0.008,0.002,0.003,0.0,-0.005,0.001
2018-01-01 22:56:00-06:00,1.649,0.736,0.001,0.002,0.003,0.214,0.0,0.001,1.481,0.001,0.038,0.003,0.0,0.727,0.075,0.006,0.288,0.008,0.002,0.003,0.0,-0.005,0.001
2018-01-01 22:57:00-06:00,1.024,0.017,0.002,0.002,0.002,0.212,0.001,0.001,1.48,0.002,0.038,0.003,0.0,0.728,0.072,0.006,0.289,0.008,0.002,0.003,0.0,-0.005,0.001
2018-01-01 22:58:00-06:00,1.017,0.018,0.002,0.002,0.002,0.212,0.001,0.001,1.486,0.001,0.038,0.003,0.0,0.73,0.076,0.006,0.288,0.008,0.002,0.003,0.0,-0.005,0.001
2018-01-01 22:59:00-06:00,1.29,0.306,0.002,0.002,0.002,0.215,0.001,0.001,1.485,0.001,0.038,0.003,0.0,0.73,0.075,0.006,0.376,0.008,0.002,0.003,0.0,-0.005,0.001
2018-01-01 23:00:00-06:00,1.832,0.873,0.001,0.003,0.003,0.216,0.0,0.001,1.484,0.001,0.038,0.003,0.0,0.731,0.073,0.006,0.892,0.007,0.002,0.003,0.0,-0.004,0.004
2018-01-01 23:01:00-06:00,1.824,0.863,0.001,0.003,0.003,0.217,0.0,0.001,1.442,0.001,0.038,0.003,0.0,0.732,0.075,0.006,0.895,0.007,0.002,0.003,0.0,-0.004,0.004
2018-01-01 23:02:00-06:00,1.719,0.853,0.001,0.003,0.003,0.217,0.0,0.001,1.442,0.001,0.038,0.003,0.0,0.732,0.073,0.005,0.891,0.007,0.002,0.003,0.0,-0.004,0.004
2018-01-01 23:03:00-06:00,1.706,0.868,0.001,0.003,0.003,0.218,0.0,0.001,1.518,0.001,0.038,0.003,0.0,0.733,0.074,0.005,0.888,0.007,0.002,0.003,0.0,-0.004,0.004
2018-01-01 23:04:00-06:00,1.521,0.866,0.001,0.003,0.003,0.218,0.0,0.001,1.498,0.001,0.038,0.003,0.0,0.733,0.071,0.005,0.875,0.007,0.002,0.003,0.0,-0.004,0.004
2018-01-01 23:05:00-06:00,1.504,0.853,0.001,0.003,0.003,0.218,0.0,0.002,1.447,0.001,0.038,0.003,0.0,0.733,0.071,0.005,0.899,0.007,0.005,0.003,0.0,-0.004,0.004
2018-01-01 23:06:00-06:00,1.516,0.867,0.002,0.003,0.004,0.216,0.0,0.002,1.433,0.001,0.038,0.003,0.0,0.734,0.072,0.005,0.563,0.008,0.009,0.003,0.0,-0.005,0.002
2018-01-01 23:07:00-06:00,1.51,0.862,0.001,0.003,0.003,0.215,0.0,0.001,1.432,0.001,0.038,0.003,0.0,0.734,0.072,0.005,0.296,0.008,0.008,0.003,0.0,-0.005,0.001
2018-01-01 23:08:00-06:00,1.498,0.851,0.001,0.003,0.003,0.213,0.0,0.002,1.432,0.001,0.038,0.003,0.0,0.735,0.071,0.005,0.299,0.008,0.008,0.003,0.0,-0.005,0.001
2018-01-01 23:09:00-06:00,1.512,0.867,0.001,0.003,0.003,0.213,0.0,0.001,1.58,0.001,0.038,0.003,0.0,0.735,0.071,0.006,0.36,0.008,0.067,0.003,0.0,-0.005,0.001
2018-01-01 23:10:00-06:00,1.521,0.862,0.002,0.003,0.003,0.213,0.0,0.002,1.558,0.001,0.038,0.003,0.0,0.735,0.07,0.006,0.477,0.008,0.183,0.003,0.0,-0.005,0.001
2018-01-01 23:11:00-06:00,1.543,0.849,0.001,0.003,0.003,0.212,0.0,0.001,1.555,0.001,0.038,0.003,0.0,0.735,0.07,0.006,0.469,0.008,0.175,0.003,0.0,-0.005,0.001
2018-01-01 23:12:00-06:00,1.584,0.863,0.001,0.003,0.003,0.214,0.0,0.001,1.555,0.001,0.038,0.003,0.0,0.736,0.069,0.006,0.557,0.008,0.173,0.003,0.0,-0.005,0.002
2018-01-01 23:13:00-06:00,1.586,0.858,0.001,0.003,0.003,0.213,0.0,0.001,1.563,0.001,0.038,0.003,0.0,0.736,0.067,0.006,1.075,0.006,0.174,0.003,0.0,-0.004,0.004
2018-01-01 23:14:00-06:00,1.751,0.847,0.001,0.003,0.003,0.212,0.0,0.001,1.597,0.001,0.038,0.003,0.0,0.736,0.067,0.006,1.08,0.006,0.173,0.003,0.0,-0.004,0.004
2018-01-01 23:15:00-06:00,1.798,0.862,0.001,0.003,0.003,0.212,0.0,0.001,1.556,0.001,0.038,0.003,0.0,0.737,0.067,0.006,1.077,0.006,0.171,0.003,0.0,-0.004,0.004
2018-01-01 23:16:00-06:00,1.886,0.857,0.001,0.003,0.004,0.212,0.0,0.001,1.541,0.001,0.038,0.003,0.0,0.737,0.067,0.006,1.074,0.006,0.17,0.003,0.0,-0.004,0.004
2018-01-01 23:17:00-06:00,1.875,0.847,0.001,0.003,0.004,0.214,0.0,0.001,1.541,0.001,0.038,0.003,0.0,0.738,0.067,0.006,1.065,0.006,0.169,0.003,0.0,-0.004,0.004
2018-01-01 23:18:00-06:00,1.932,0.863,0.001,0.003,0.004,0.215,0.0,0.001,1.542,0.001,0.038,0.003,0.0,0.738,0.067,0.006,1.087,0.006,0.169,0.003,0.0,-0.004,0.004
2018-01-01 23:19:00-06:00,1.919,0.858,0.001,0.003,0.004,0.215,0.0,0.002,1.541,0.001,0.038,0.003,0.0,0.738,0.066,0.006,0.536,0.008,0.167,0.003,0.0,-0.005,0.001
2018-01-01 23:20:00-06:00,1.87,0.849,0.001,0.003,0.004,0.216,0.0,0.001,1.561,0.001,0.038,0.003,0.0,0.758,0.066,0.006,0.466,0.008,0.166,0.003,0.0,-0.005,0.001
2018-01-01 23:21:00-06:00,1.883,0.863,0.001,0.003,0.004,0.217,0.0,0.001,1.183,0.001,0.038,0.003,0.001,0.379,0.066,0.006,0.464,0.008,0.165,0.003,0.0,-0.005,0.001
2018-01-01 23:22:00-06:00,1.848,0.859,0.001,0.003,0.003,0.217,0.0,0.001,1.624,0.001,0.038,0.003,0.0,0.82,0.066,0.006,0.462,0.008,0.162,0.003,0.0,-0.005,0.001
2018-01-01 23:23:00-06:00,1.854,0.847,0.002,0.003,0.003,0.216,0.0,0.001,1.618,0.001,0.038,0.003,0.0,0.813,0.066,0.006,0.462,0.008,0.16,0.003,0.0,-0.005,0.001
2018-01-01 23:24:00-06:00,1.867,0.86,0.001,0.003,0.003,0.216,0.0,0.001,1.611,0.001,0.038,0.003,0.0,0.808,0.066,0.006,0.526,0.008,0.159,0.003,0.0,-0.005,0.002
2018-01-01 23:25:00-06:00,1.9,0.854,0.001,0.003,0.003,0.212,0.0,0.002,1.608,0.001,0.038,0.003,0.0,0.805,0.066,0.006,0.889,0.007,0.159,0.003,0.0,-0.004,0.003
2018-01-01 23:26:00-06:00,1.865,0.845,0.001,0.003,0.003,0.212,0.0,0.001,1.586,0.001,0.038,0.003,0.0,0.803,0.046,0.006,1.073,0.006,0.159,0.003,0.0,-0.004,0.004
2018-01-01 23:27:00-06:00,1.737,0.859,0.001,0.003,0.003,0.212,0.0,0.002,1.574,0.001,0.038,0.003,0.0,0.801,0.036,0.006,0.942,0.007,0.036,0.003,0.0,-0.004,0.004
2018-01-01 23:28:00-06:00,1.591,0.857,0.001,0.003,0.003,0.211,0.0,0.001,1.575,0.001,0.038,0.003,0.0,0.8,0.039,0.006,0.904,0.007,0.002,0.003,0.0,-0.004,0.004
2018-01-01 23:29:00-06:00,1.297,0.641,0.002,0.002,0.003,0.211,0.0,0.001,1.581,0.001,0.038,0.003,0.0,0.799,0.045,0.006,0.899,0.007,0.002,0.003,0.0,-0.004,0.004
2018-01-01 23:30:00-06:00,0.703,0.017,0.003,0.002,0.002,0.211,0.001,0.001,1.581,0.001,0.038,0.003,0.0,0.798,0.046,0.006,0.926,0.007,0.002,0.003,0.0,-0.004,0.004
2018-01-01 23:31:00-06:00,0.699,0.013,0.003,0.002,0.002,0.211,0.001,0.001,1.581,0.001,0.038,0.003,0.0,0.797,0.046,0.006,0.583,0.008,0.002,0.003,0.0,-0.005,0.002
2018-01-01 23:32:00-06:00,0.717,0.001,0.002,0.002,0.002,0.211,0.001,0.001,1.58,0.001,0.038,0.003,0.0,0.796,0.046,0.006,0.31,0.008,0.002,0.003,0.0,-0.005,0.001
2018-01-01 23:33:00-06:00,0.732,0.001,0.003,0.002,0.002,0.21,0.001,0.001,1.577,0.001,0.038,0.003,0.0,0.795,0.046,0.006,0.31,0.008,0.002,0.003,0.0,-0.005,0.001
2018-01-01 23:34:00-06:00,0.699,0.001,0.002,0.002,0.002,0.209,0.001,0.001,1.577,0.001,0.038,0.003,0.0,0.795,0.046,0.006,0.311,0.008,0.002,0.003,0.0,-0.005,0.001
2018-01-01 23:35:00-06:00,0.683,0.001,0.002,0.002,0.002,0.209,0.001,0.001,1.574,0.001,0.038,0.003,0.0,0.794,0.046,0.006,0.314,0.008,0.002,0.003,0.0,-0.005,0.001
2018-01-01 23:36:00-06:00,0.702,0.001,0.002,0.002,0.002,0.209,0.015,0.015,1.574,0.001,0.038,0.003,0.0,0.794,0.046,0.006,0.382,0.008,0.002,0.003,0.0,-0.005,0.001
2018-01-01 23:37:00-06:00,0.757,0.001,0.003,0.002,0.002,0.209,0.029,0.029,1.575,0.001,0.038,0.003,0.0,0.794,0.046,0.006,0.742,0.007,0.002,0.003,0.0,-0.005,0.003
2018-01-01 23:38:00-06:00,0.876,0.001,0.002,0.002,0.002,0.209,0.029,0.029,1.575,0.001,0.038,0.003,0.0,0.794,0.046,0.006,0.925,0.007,0.002,0.003,0.0,-0.004,0.004
2018-01-01 23:39:00-06:00,1.014,0.002,0.002,0.002,0.002,0.209,0.029,0.029,1.573,0.001,0.038,0.003,0.0,0.793,0.046,0.006,0.922,0.007,0.002,0.003,0.0,-0.004,0.004
2018-01-01 23:40:00-06:00,1.016,0.001,0.002,0.002,0.002,0.209,0.029,0.029,1.574,0.001,0.038,0.003,0.0,0.793,0.046,0.006,0.919,0.007,0.002,0.003,0.0,-0.004,0.004
2018-01-01 23:41:00-06:00,0.971,0.002,0.003,0.002,0.002,0.21,0.004,0.005,1.572,0.001,0.038,0.003,0.0,0.793,0.045,0.006,0.917,0.007,0.002,0.003,0.0,-0.004,0.004
2018-01-01 23:42:00-06:00,0.943,0.001,0.002,0.002,0.002,0.21,0.001,0.001,1.536,0.001,0.038,0.003,0.001,0.792,0.008,0.006,0.906,0.007,0.002,0.003,0.0,-0.004,0.004
2018-01-01 23:43:00-06:00,0.944,0.001,0.002,0.002,0.002,0.211,0.001,0.001,1.557,0.001,0.038,0.003,0.001,0.793,0.031,0.006,0.928,0.007,0.002,0.003,0.0,-0.004,0.004
2018-01-01 23:44:00-06:00,0.987,0.001,0.002,0.002,0.002,0.211,0.001,0.001,1.503,0.001,0.038,0.003,0.0,0.712,0.06,0.006,0.586,0.008,0.002,0.003,0.0,-0.005,0.002
2018-01-01 23:45:00-06:00,1.064,0.001,0.002,0.002,0.002,0.21,0.001,0.001,1.507,0.001,0.038,0.003,0.0,0.715,0.062,0.006,0.317,0.008,0.002,0.003,0.0,-0.005,0.001
2018-01-01 23:46:00-06:00,1.089,0.001,0.002,0.002,0.002,0.21,0.001,0.001,1.523,0.001,0.038,0.003,0.0,0.72,0.074,0.006,0.317,0.008,0.002,0.003,0.0,-0.005,0.001
2018-01-01 23:47:00-06:00,1.198,0.001,0.002,0.002,0.002,0.21,0.001,0.001,1.526,0.001,0.038,0.003,0.0,0.723,0.074,0.006,0.317,0.008,0.002,0.003,0.0,-0.005,0.001
2018-01-01 23:48:00-06:00,1.18,0.001,0.002,0.002,0.002,0.21,0.001,0.001,1.525,0.001,0.038,0.003,0.0,0.724,0.072,0.006,0.318,0.008,0.002,0.003,0.0,-0.005,0.001
2018-01-01 23:49:00-06:00,1.149,0.001,0.002,0.002,0.002,0.21,0.001,0.001,1.529,0.001,0.038,0.003,0.0,0.726,0.074,0.006,0.383,0.008,0.004,0.003,0.0,-0.005,0.001
2018-01-01 23:50:00-06:00,1.151,0.001,0.002,0.002,0.002,0.21,0.001,0.001,1.528,0.001,0.038,0.003,0.0,0.728,0.071,0.006,0.748,0.007,0.009,0.003,0.0,-0.005,0.003
2018-01-01 23:51:00-06:00,0.954,0.001,0.002,0.002,0.002,0.21,0.001,0.001,1.533,0.001,0.038,0.003,0.0,0.729,0.076,0.006,0.935,0.007,0.009,0.003,0.0,-0.004,0.004
2018-01-01 23:52:00-06:00,0.898,0.001,0.002,0.002,0.002,0.209,0.001,0.001,1.534,0.001,0.038,0.003,0.0,0.729,0.076,0.006,0.935,0.007,0.009,0.003,0.0,-0.004,0.004
2018-01-01 23:53:00-06:00,0.689,0.001,0.002,0.002,0.002,0.209,0.001,0.001,1.531,0.001,0.038,0.003,0.0,0.73,0.074,0.006,0.929,0.007,0.009,0.003,0.0,-0.004,0.004
2018-01-01 23:54:00-06:00,0.734,0.002,0.002,0.002,0.002,0.211,0.001,0.001,1.536,0.001,0.038,0.003,0.0,0.731,0.077,0.006,1.072,0.007,0.16,0.003,0.0,-0.004,0.004
2018-01-01 23:55:00-06:00,0.705,0.001,0.002,0.002,0.002,0.179,0.001,0.001,1.533,0.001,0.038,0.003,0.0,0.732,0.073,0.006,1.107,0.006,0.18,0.003,0.0,-0.004,0.004
2018-01-01 23:56:00-06:00,0.604,0.001,0.002,0.002,0.002,0.121,0.001,0.001,1.534,0.001,0.038,0.003,0.0,0.732,0.073,0.006,0.969,0.007,0.176,0.003,0.0,-0.004,0.003
2018-01-01 23:57:00-06:00,0.633,0.001,0.002,0.002,0.002,0.122,0.001,0.001,1.532,0.001,0.038,0.003,0.0,0.733,0.072,0.006,0.488,0.008,0.173,0.003,0.0,-0.005,0.001
2018-01-01 23:58:00-06:00,0.619,0.002,0.002,0.002,0.002,0.122,0.001,0.001,1.532,0.001,0.038,0.003,0.0,0.733,0.071,0.006,0.485,0.008,0.171,0.003,0.0,-0.005,0.001
2018-01-01 23:59:00-06:00,0.595,0.001,0.002,0.002,0.002,0.114,0.001,0.001,1.532,0.001,0.038,0.003,0.0,0.733,0.071,0.006,0.483,0.008,0.17,0.003,0.0,-0.005,0.001
